"U:0","U:1","U:2","p","vtkValidPointMask","arc_length","Points:0","Points:1","Points:2"
-0.0015,0,0,0.0011328,1,0,0.01,0,0.05
-0.0014106,8.9893e-07,2.0701e-34,0.0011328,1,0.0005,0.01,0.0005,0.05
-0.0013213,1.7979e-06,4.1401e-34,0.0011328,1,0.001,0.01,0.001,0.05
-0.0012319,2.6968e-06,6.2102e-34,0.0011328,1,0.0015,0.01,0.0015,0.05
-0.0011425,3.5957e-06,8.2802e-34,0.0011327,1,0.002,0.01,0.002,0.05
-0.0010532,4.4946e-06,1.035e-33,0.0011327,1,0.0025,0.01,0.0025,0.05
-0.0009638,5.3936e-06,1.242e-33,0.0011327,1,0.003,0.01,0.003,0.05
-0.00087444,6.2925e-06,1.449e-33,0.0011327,1,0.0035,0.01,0.0035,0.05
-0.00078507,7.1914e-06,1.656e-33,0.0011326,1,0.004,0.01,0.004,0.05
-0.0006957,8.0903e-06,1.8631e-33,0.0011326,1,0.0045,0.01,0.0045,0.05
-0.00060634,8.9893e-06,2.0701e-33,0.0011326,1,0.005,0.01,0.005,0.05
-0.00051697,9.8882e-06,2.2771e-33,0.0011326,1,0.0055,0.01,0.0055,0.05
-0.00042761,1.0787e-05,2.4841e-33,0.0011325,1,0.006,0.01,0.006,0.05
-0.00033824,1.1686e-05,2.6911e-33,0.0011325,1,0.0065,0.01,0.0065,0.05
-0.00024887,1.2585e-05,2.8981e-33,0.0011325,1,0.007,0.01,0.007,0.05
-0.00015951,1.3484e-05,3.1051e-33,0.0011325,1,0.0075,0.01,0.0075,0.05
-7.014e-05,1.4383e-05,3.3121e-33,0.0011324,1,0.008,0.01,0.008,0.05
1.9226e-05,1.5282e-05,3.5191e-33,0.0011324,1,0.0085,0.01,0.0085,0.05
0.00010859,1.6181e-05,3.7261e-33,0.0011324,1,0.009,0.01,0.009,0.05
0.00019796,1.708e-05,3.9331e-33,0.0011323,1,0.0095,0.01,0.0095,0.05
0.00028732,1.7979e-05,4.1401e-33,0.0011323,1,0.01,0.01,0.01,0.05
0.00037669,1.8877e-05,4.3471e-33,0.0011323,1,0.0105,0.01,0.0105,0.05
0.00046606,1.9776e-05,4.5541e-33,0.0011323,1,0.011,0.01,0.011,0.05
0.00055542,2.0675e-05,4.7611e-33,0.0011322,1,0.0115,0.01,0.0115,0.05
0.00064479,2.1574e-05,4.9681e-33,0.0011322,1,0.012,0.01,0.012,0.05
0.00073416,2.2473e-05,5.1751e-33,0.0011322,1,0.0125,0.01,0.0125,0.05
0.00082352,2.3372e-05,5.3821e-33,0.0011322,1,0.013,0.01,0.013,0.05
0.00091289,2.4271e-05,5.5892e-33,0.0011321,1,0.0135,0.01,0.0135,0.05
0.0010023,2.517e-05,5.7962e-33,0.0011321,1,0.014,0.01,0.014,0.05
0.0010916,2.6069e-05,6.0032e-33,0.0011321,1,0.0145,0.01,0.0145,0.05
0.001181,2.6968e-05,6.2102e-33,0.0011321,1,0.015,0.01,0.015,0.05
0.0012704,2.7867e-05,6.4172e-33,0.001132,1,0.0155,0.01,0.0155,0.05
0.0013597,2.8766e-05,6.6242e-33,0.001132,1,0.016,0.01,0.016,0.05
0.0014491,2.9665e-05,6.8312e-33,0.001132,1,0.0165,0.01,0.0165,0.05
0.0015385,3.0564e-05,7.0382e-33,0.0011319,1,0.017,0.01,0.017,0.05
0.0016278,3.1462e-05,7.2452e-33,0.0011319,1,0.0175,0.01,0.0175,0.05
0.0017172,3.2361e-05,7.4522e-33,0.0011319,1,0.018,0.01,0.018,0.05
0.0018065,3.326e-05,7.6592e-33,0.0011319,1,0.0185,0.01,0.0185,0.05
0.0018959,3.4159e-05,7.8662e-33,0.0011318,1,0.019,0.01,0.019,0.05
0.0019853,3.5058e-05,8.0732e-33,0.0011318,1,0.0195,0.01,0.0195,0.05
0.0020746,3.5957e-05,8.2802e-33,0.0011318,1,0.02,0.01,0.02,0.05
0.002164,3.6856e-05,8.4872e-33,0.0011318,1,0.0205,0.01,0.0205,0.05
0.0022534,3.7755e-05,8.6942e-33,0.0011317,1,0.021,0.01,0.021,0.05
0.0023427,3.8654e-05,8.9012e-33,0.0011317,1,0.0215,0.01,0.0215,0.05
0.0024321,3.9553e-05,9.1082e-33,0.0011317,1,0.022,0.01,0.022,0.05
0.0025215,4.0452e-05,9.3153e-33,0.0011317,1,0.0225,0.01,0.0225,0.05
0.0026108,4.1351e-05,9.5223e-33,0.0011316,1,0.023,0.01,0.023,0.05
0.0027002,4.225e-05,9.7293e-33,0.0011316,1,0.0235,0.01,0.0235,0.05
0.0027896,4.3148e-05,9.9363e-33,0.0011316,1,0.024,0.01,0.024,0.05
0.0028789,4.4047e-05,1.0143e-32,0.0011316,1,0.0245,0.01,0.0245,0.05
0.0029683,4.4946e-05,1.035e-32,0.0011315,1,0.025,0.01,0.025,0.05
0.0030577,4.5845e-05,1.0557e-32,0.0011315,1,0.0255,0.01,0.0255,0.05
0.003147,4.6744e-05,1.0764e-32,0.0011315,1,0.026,0.01,0.026,0.05
0.0032364,4.7643e-05,1.0971e-32,0.0011314,1,0.0265,0.01,0.0265,0.05
0.0033258,4.8542e-05,1.1178e-32,0.0011314,1,0.027,0.01,0.027,0.05
0.0034151,4.9441e-05,1.1385e-32,0.0011314,1,0.0275,0.01,0.0275,0.05
0.0035045,5.034e-05,1.1592e-32,0.0011314,1,0.028,0.01,0.028,0.05
0.0035939,5.1239e-05,1.1799e-32,0.0011313,1,0.0285,0.01,0.0285,0.05
0.0036832,5.2138e-05,1.2006e-32,0.0011313,1,0.029,0.01,0.029,0.05
0.0037726,5.3037e-05,1.2213e-32,0.0011313,1,0.0295,0.01,0.0295,0.05
0.003862,5.3936e-05,1.242e-32,0.0011313,1,0.03,0.01,0.03,0.05
0.0039513,5.4835e-05,1.2627e-32,0.0011312,1,0.0305,0.01,0.0305,0.05
0.0040407,5.5733e-05,1.2834e-32,0.0011312,1,0.031,0.01,0.031,0.05
0.0041301,5.6632e-05,1.3041e-32,0.0011312,1,0.0315,0.01,0.0315,0.05
0.0042194,5.7531e-05,1.3248e-32,0.0011312,1,0.032,0.01,0.032,0.05
0.0043088,5.843e-05,1.3455e-32,0.0011311,1,0.0325,0.01,0.0325,0.05
0.0043982,5.9329e-05,1.3662e-32,0.0011311,1,0.033,0.01,0.033,0.05
0.0044875,6.0228e-05,1.3869e-32,0.0011311,1,0.0335,0.01,0.0335,0.05
0.0045769,6.1127e-05,1.4076e-32,0.001131,1,0.034,0.01,0.034,0.05
0.0046663,6.2026e-05,1.4283e-32,0.001131,1,0.0345,0.01,0.0345,0.05
0.0047556,6.2925e-05,1.449e-32,0.001131,1,0.035,0.01,0.035,0.05
0.004845,6.3824e-05,1.4697e-32,0.001131,1,0.0355,0.01,0.0355,0.05
0.0049344,6.4723e-05,1.4904e-32,0.0011309,1,0.036,0.01,0.036,0.05
0.0050237,6.5622e-05,1.5111e-32,0.0011309,1,0.0365,0.01,0.0365,0.05
0.0051131,6.6521e-05,1.5318e-32,0.0011309,1,0.037,0.01,0.037,0.05
0.0052025,6.742e-05,1.5525e-32,0.0011309,1,0.0375,0.01,0.0375,0.05
0.0052918,6.8318e-05,1.5732e-32,0.0011308,1,0.038,0.01,0.038,0.05
0.0053812,6.9217e-05,1.5939e-32,0.0011308,1,0.0385,0.01,0.0385,0.05
0.0054706,7.0116e-05,1.6146e-32,0.0011308,1,0.039,0.01,0.039,0.05
0.0055599,7.1015e-05,1.6353e-32,0.0011308,1,0.0395,0.01,0.0395,0.05
0.0056493,7.1914e-05,1.656e-32,0.0011307,1,0.04,0.01,0.04,0.05
0.0057387,7.2813e-05,1.6767e-32,0.0011307,1,0.0405,0.01,0.0405,0.05
0.005828,7.3712e-05,1.6974e-32,0.0011307,1,0.041,0.01,0.041,0.05
0.0059174,7.4611e-05,1.7181e-32,0.0011307,1,0.0415,0.01,0.0415,0.05
0.0060068,7.551e-05,1.7388e-32,0.0011306,1,0.042,0.01,0.042,0.05
0.0060961,7.6409e-05,1.7595e-32,0.0011306,1,0.0425,0.01,0.0425,0.05
0.0061855,7.7308e-05,1.7802e-32,0.0011306,1,0.043,0.01,0.043,0.05
0.0062749,7.8207e-05,1.8009e-32,0.0011305,1,0.0435,0.01,0.0435,0.05
0.0063642,7.9106e-05,1.8216e-32,0.0011305,1,0.044,0.01,0.044,0.05
0.0064536,8.0005e-05,1.8424e-32,0.0011305,1,0.0445,0.01,0.0445,0.05
0.006543,8.0903e-05,1.8631e-32,0.0011305,1,0.045,0.01,0.045,0.05
0.0066323,8.1802e-05,1.8838e-32,0.0011304,1,0.0455,0.01,0.0455,0.05
0.0067217,8.2701e-05,1.9045e-32,0.0011304,1,0.046,0.01,0.046,0.05
0.0068111,8.36e-05,1.9252e-32,0.0011304,1,0.0465,0.01,0.0465,0.05
0.0069004,8.4499e-05,1.9459e-32,0.0011304,1,0.047,0.01,0.047,0.05
0.0069898,8.5398e-05,1.9666e-32,0.0011303,1,0.0475,0.01,0.0475,0.05
0.0070792,8.6297e-05,1.9873e-32,0.0011303,1,0.048,0.01,0.048,0.05
0.0071685,8.7196e-05,2.008e-32,0.0011303,1,0.0485,0.01,0.0485,0.05
0.0072579,8.8095e-05,2.0287e-32,0.0011303,1,0.049,0.01,0.049,0.05
0.0073473,8.8994e-05,2.0494e-32,0.0011302,1,0.0495,0.01,0.0495,0.05
0.0074366,8.9893e-05,2.0701e-32,0.0011302,1,0.05,0.01,0.05,0.05
0.0074375,8.9917e-05,2.0494e-32,0.0011302,1,0.0505,0.01,0.0505,0.05
0.0074384,8.9941e-05,2.0287e-32,0.0011301,1,0.051,0.01,0.051,0.05
0.0074394,8.9966e-05,2.008e-32,0.0011301,1,0.0515,0.01,0.0515,0.05
0.0074403,8.999e-05,1.9873e-32,0.00113,1,0.052,0.01,0.052,0.05
0.0074412,9.0015e-05,1.9666e-32,0.00113,1,0.0525,0.01,0.0525,0.05
0.0074421,9.0039e-05,1.9459e-32,0.0011299,1,0.053,0.01,0.053,0.05
0.007443,9.0063e-05,1.9252e-32,0.0011299,1,0.0535,0.01,0.0535,0.05
0.0074439,9.0088e-05,1.9045e-32,0.0011299,1,0.054,0.01,0.054,0.05
0.0074448,9.0112e-05,1.8838e-32,0.0011298,1,0.0545,0.01,0.0545,0.05
0.0074457,9.0137e-05,1.8631e-32,0.0011298,1,0.055,0.01,0.055,0.05
0.0074467,9.0161e-05,1.8424e-32,0.0011297,1,0.0555,0.01,0.0555,0.05
0.0074476,9.0185e-05,1.8216e-32,0.0011297,1,0.056,0.01,0.056,0.05
0.0074485,9.021e-05,1.8009e-32,0.0011296,1,0.0565,0.01,0.0565,0.05
0.0074494,9.0234e-05,1.7802e-32,0.0011296,1,0.057,0.01,0.057,0.05
0.0074503,9.0258e-05,1.7595e-32,0.0011295,1,0.0575,0.01,0.0575,0.05
0.0074512,9.0283e-05,1.7388e-32,0.0011295,1,0.058,0.01,0.058,0.05
0.0074521,9.0307e-05,1.7181e-32,0.0011295,1,0.0585,0.01,0.0585,0.05
0.007453,9.0332e-05,1.6974e-32,0.0011294,1,0.059,0.01,0.059,0.05
0.007454,9.0356e-05,1.6767e-32,0.0011294,1,0.0595,0.01,0.0595,0.05
0.0074549,9.038e-05,1.656e-32,0.0011293,1,0.06,0.01,0.06,0.05
0.0074558,9.0405e-05,1.6353e-32,0.0011293,1,0.0605,0.01,0.0605,0.05
0.0074567,9.0429e-05,1.6146e-32,0.0011292,1,0.061,0.01,0.061,0.05
0.0074576,9.0454e-05,1.5939e-32,0.0011292,1,0.0615,0.01,0.0615,0.05
0.0074585,9.0478e-05,1.5732e-32,0.0011292,1,0.062,0.01,0.062,0.05
0.0074594,9.0502e-05,1.5525e-32,0.0011291,1,0.0625,0.01,0.0625,0.05
0.0074604,9.0527e-05,1.5318e-32,0.0011291,1,0.063,0.01,0.063,0.05
0.0074613,9.0551e-05,1.5111e-32,0.001129,1,0.0635,0.01,0.0635,0.05
0.0074622,9.0575e-05,1.4904e-32,0.001129,1,0.064,0.01,0.064,0.05
0.0074631,9.06e-05,1.4697e-32,0.0011289,1,0.0645,0.01,0.0645,0.05
0.007464,9.0624e-05,1.449e-32,0.0011289,1,0.065,0.01,0.065,0.05
0.0074649,9.0649e-05,1.4283e-32,0.0011288,1,0.0655,0.01,0.0655,0.05
0.0074658,9.0673e-05,1.4076e-32,0.0011288,1,0.066,0.01,0.066,0.05
0.0074667,9.0697e-05,1.3869e-32,0.0011288,1,0.0665,0.01,0.0665,0.05
0.0074677,9.0722e-05,1.3662e-32,0.0011287,1,0.067,0.01,0.067,0.05
0.0074686,9.0746e-05,1.3455e-32,0.0011287,1,0.0675,0.01,0.0675,0.05
0.0074695,9.077e-05,1.3248e-32,0.0011286,1,0.068,0.01,0.068,0.05
0.0074704,9.0795e-05,1.3041e-32,0.0011286,1,0.0685,0.01,0.0685,0.05
0.0074713,9.0819e-05,1.2834e-32,0.0011285,1,0.069,0.01,0.069,0.05
0.0074722,9.0844e-05,1.2627e-32,0.0011285,1,0.0695,0.01,0.0695,0.05
0.0074731,9.0868e-05,1.242e-32,0.0011285,1,0.07,0.01,0.07,0.05
0.007474,9.0892e-05,1.2213e-32,0.0011284,1,0.0705,0.01,0.0705,0.05
0.007475,9.0917e-05,1.2006e-32,0.0011284,1,0.071,0.01,0.071,0.05
0.0074759,9.0941e-05,1.1799e-32,0.0011283,1,0.0715,0.01,0.0715,0.05
0.0074768,9.0966e-05,1.1592e-32,0.0011283,1,0.072,0.01,0.072,0.05
0.0074777,9.099e-05,1.1385e-32,0.0011282,1,0.0725,0.01,0.0725,0.05
0.0074786,9.1014e-05,1.1178e-32,0.0011282,1,0.073,0.01,0.073,0.05
0.0074795,9.1039e-05,1.0971e-32,0.0011281,1,0.0735,0.01,0.0735,0.05
0.0074804,9.1063e-05,1.0764e-32,0.0011281,1,0.074,0.01,0.074,0.05
0.0074813,9.1087e-05,1.0557e-32,0.0011281,1,0.0745,0.01,0.0745,0.05
0.0074823,9.1112e-05,1.035e-32,0.001128,1,0.075,0.01,0.075,0.05
0.0074832,9.1136e-05,1.0143e-32,0.001128,1,0.0755,0.01,0.0755,0.05
0.0074841,9.1161e-05,9.9363e-33,0.0011279,1,0.076,0.01,0.076,0.05
0.007485,9.1185e-05,9.7293e-33,0.0011279,1,0.0765,0.01,0.0765,0.05
0.0074859,9.1209e-05,9.5223e-33,0.0011278,1,0.077,0.01,0.077,0.05
0.0074868,9.1234e-05,9.3153e-33,0.0011278,1,0.0775,0.01,0.0775,0.05
0.0074877,9.1258e-05,9.1082e-33,0.0011278,1,0.078,0.01,0.078,0.05
0.0074886,9.1283e-05,8.9012e-33,0.0011277,1,0.0785,0.01,0.0785,0.05
0.0074896,9.1307e-05,8.6942e-33,0.0011277,1,0.079,0.01,0.079,0.05
0.0074905,9.1331e-05,8.4872e-33,0.0011276,1,0.0795,0.01,0.0795,0.05
0.0074914,9.1356e-05,8.2802e-33,0.0011276,1,0.08,0.01,0.08,0.05
0.0074923,9.138e-05,8.0732e-33,0.0011275,1,0.0805,0.01,0.0805,0.05
0.0074932,9.1404e-05,7.8662e-33,0.0011275,1,0.081,0.01,0.081,0.05
0.0074941,9.1429e-05,7.6592e-33,0.0011274,1,0.0815,0.01,0.0815,0.05
0.007495,9.1453e-05,7.4522e-33,0.0011274,1,0.082,0.01,0.082,0.05
0.0074959,9.1478e-05,7.2452e-33,0.0011274,1,0.0825,0.01,0.0825,0.05
0.0074969,9.1502e-05,7.0382e-33,0.0011273,1,0.083,0.01,0.083,0.05
0.0074978,9.1526e-05,6.8312e-33,0.0011273,1,0.0835,0.01,0.0835,0.05
0.0074987,9.1551e-05,6.6242e-33,0.0011272,1,0.084,0.01,0.084,0.05
0.0074996,9.1575e-05,6.4172e-33,0.0011272,1,0.0845,0.01,0.0845,0.05
0.0075005,9.1599e-05,6.2102e-33,0.0011271,1,0.085,0.01,0.085,0.05
0.0075014,9.1624e-05,6.0032e-33,0.0011271,1,0.0855,0.01,0.0855,0.05
0.0075023,9.1648e-05,5.7962e-33,0.0011271,1,0.086,0.01,0.086,0.05
0.0075032,9.1673e-05,5.5892e-33,0.001127,1,0.0865,0.01,0.0865,0.05
0.0075042,9.1697e-05,5.3821e-33,0.001127,1,0.087,0.01,0.087,0.05
0.0075051,9.1721e-05,5.1751e-33,0.0011269,1,0.0875,0.01,0.0875,0.05
0.007506,9.1746e-05,4.9681e-33,0.0011269,1,0.088,0.01,0.088,0.05
0.0075069,9.177e-05,4.7611e-33,0.0011268,1,0.0885,0.01,0.0885,0.05
0.0075078,9.1795e-05,4.5541e-33,0.0011268,1,0.089,0.01,0.089,0.05
0.0075087,9.1819e-05,4.3471e-33,0.0011268,1,0.0895,0.01,0.0895,0.05
0.0075096,9.1843e-05,4.1401e-33,0.0011267,1,0.09,0.01,0.09,0.05
0.0075105,9.1868e-05,3.9331e-33,0.0011267,1,0.0905,0.01,0.0905,0.05
0.0075115,9.1892e-05,3.7261e-33,0.0011266,1,0.091,0.01,0.091,0.05
0.0075124,9.1916e-05,3.5191e-33,0.0011266,1,0.0915,0.01,0.0915,0.05
0.0075133,9.1941e-05,3.3121e-33,0.0011265,1,0.092,0.01,0.092,0.05
0.0075142,9.1965e-05,3.1051e-33,0.0011265,1,0.0925,0.01,0.0925,0.05
0.0075151,9.199e-05,2.8981e-33,0.0011264,1,0.093,0.01,0.093,0.05
0.007516,9.2014e-05,2.6911e-33,0.0011264,1,0.0935,0.01,0.0935,0.05
0.0075169,9.2038e-05,2.4841e-33,0.0011264,1,0.094,0.01,0.094,0.05
0.0075178,9.2063e-05,2.2771e-33,0.0011263,1,0.0945,0.01,0.0945,0.05
0.0075188,9.2087e-05,2.0701e-33,0.0011263,1,0.095,0.01,0.095,0.05
0.0075197,9.2112e-05,1.8631e-33,0.0011262,1,0.0955,0.01,0.0955,0.05
0.0075206,9.2136e-05,1.656e-33,0.0011262,1,0.096,0.01,0.096,0.05
0.0075215,9.216e-05,1.449e-33,0.0011261,1,0.0965,0.01,0.0965,0.05
0.0075224,9.2185e-05,1.242e-33,0.0011261,1,0.097,0.01,0.097,0.05
0.0075233,9.2209e-05,1.035e-33,0.0011261,1,0.0975,0.01,0.0975,0.05
0.0075242,9.2233e-05,8.2802e-34,0.001126,1,0.098,0.01,0.098,0.05
0.0075252,9.2258e-05,6.2102e-34,0.001126,1,0.0985,0.01,0.0985,0.05
0.0075261,9.2282e-05,4.1401e-34,0.0011259,1,0.099,0.01,0.099,0.05
0.007527,9.2307e-05,2.0701e-34,0.0011259,1,0.0995,0.01,0.0995,0.05
0.0075279,9.2331e-05,0,0.0011258,1,0.1,0.01,0.1,0.05
0.0075278,9.1949e-05,0,0.0011258,1,0.1005,0.01,0.1005,0.05
0.0075277,9.1566e-05,0,0.0011258,1,0.101,0.01,0.101,0.05
0.0075276,9.1184e-05,0,0.0011258,1,0.1015,0.01,0.1015,0.05
0.0075274,9.0802e-05,0,0.0011257,1,0.102,0.01,0.102,0.05
0.0075273,9.0419e-05,0,0.0011257,1,0.1025,0.01,0.1025,0.05
0.0075272,9.0037e-05,0,0.0011257,1,0.103,0.01,0.103,0.05
0.0075271,8.9655e-05,0,0.0011256,1,0.1035,0.01,0.1035,0.05
0.007527,8.9272e-05,0,0.0011256,1,0.104,0.01,0.104,0.05
0.0075269,8.889e-05,0,0.0011256,1,0.1045,0.01,0.1045,0.05
0.0075268,8.8507e-05,0,0.0011256,1,0.105,0.01,0.105,0.05
0.0075267,8.8125e-05,0,0.0011255,1,0.1055,0.01,0.1055,0.05
0.0075266,8.7743e-05,0,0.0011255,1,0.106,0.01,0.106,0.05
0.0075264,8.736e-05,0,0.0011255,1,0.1065,0.01,0.1065,0.05
0.0075263,8.6978e-05,0,0.0011255,1,0.107,0.01,0.107,0.05
0.0075262,8.6596e-05,0,0.0011254,1,0.1075,0.01,0.1075,0.05
0.0075261,8.6213e-05,0,0.0011254,1,0.108,0.01,0.108,0.05
0.007526,8.5831e-05,0,0.0011254,1,0.1085,0.01,0.1085,0.05
0.0075259,8.5449e-05,0,0.0011254,1,0.109,0.01,0.109,0.05
0.0075258,8.5066e-05,0,0.0011253,1,0.1095,0.01,0.1095,0.05
0.0075257,8.4684e-05,0,0.0011253,1,0.11,0.01,0.11,0.05
0.0075256,8.4302e-05,0,0.0011253,1,0.1105,0.01,0.1105,0.05
0.0075254,8.3919e-05,0,0.0011253,1,0.111,0.01,0.111,0.05
0.0075253,8.3537e-05,0,0.0011252,1,0.1115,0.01,0.1115,0.05
0.0075252,8.3155e-05,0,0.0011252,1,0.112,0.01,0.112,0.05
0.0075251,8.2772e-05,0,0.0011252,1,0.1125,0.01,0.1125,0.05
0.007525,8.239e-05,0,0.0011252,1,0.113,0.01,0.113,0.05
0.0075249,8.2008e-05,0,0.0011251,1,0.1135,0.01,0.1135,0.05
0.0075248,8.1625e-05,0,0.0011251,1,0.114,0.01,0.114,0.05
0.0075247,8.1243e-05,0,0.0011251,1,0.1145,0.01,0.1145,0.05
0.0075246,8.0861e-05,0,0.001125,1,0.115,0.01,0.115,0.05
0.0075244,8.0478e-05,0,0.001125,1,0.1155,0.01,0.1155,0.05
0.0075243,8.0096e-05,0,0.001125,1,0.116,0.01,0.116,0.05
0.0075242,7.9714e-05,0,0.001125,1,0.1165,0.01,0.1165,0.05
0.0075241,7.9331e-05,0,0.0011249,1,0.117,0.01,0.117,0.05
0.007524,7.8949e-05,0,0.0011249,1,0.1175,0.01,0.1175,0.05
0.0075239,7.8566e-05,0,0.0011249,1,0.118,0.01,0.118,0.05
0.0075238,7.8184e-05,0,0.0011249,1,0.1185,0.01,0.1185,0.05
0.0075237,7.7802e-05,0,0.0011248,1,0.119,0.01,0.119,0.05
0.0075236,7.7419e-05,0,0.0011248,1,0.1195,0.01,0.1195,0.05
0.0075234,7.7037e-05,0,0.0011248,1,0.12,0.01,0.12,0.05
0.0075233,7.6655e-05,0,0.0011248,1,0.1205,0.01,0.1205,0.05
0.0075232,7.6272e-05,0,0.0011247,1,0.121,0.01,0.121,0.05
0.0075231,7.589e-05,0,0.0011247,1,0.1215,0.01,0.1215,0.05
0.007523,7.5508e-05,0,0.0011247,1,0.122,0.01,0.122,0.05
0.0075229,7.5125e-05,0,0.0011247,1,0.1225,0.01,0.1225,0.05
0.0075228,7.4743e-05,0,0.0011246,1,0.123,0.01,0.123,0.05
0.0075227,7.4361e-05,0,0.0011246,1,0.1235,0.01,0.1235,0.05
0.0075226,7.3978e-05,0,0.0011246,1,0.124,0.01,0.124,0.05
0.0075224,7.3596e-05,0,0.0011245,1,0.1245,0.01,0.1245,0.05
0.0075223,7.3214e-05,0,0.0011245,1,0.125,0.01,0.125,0.05
0.0075222,7.2831e-05,0,0.0011245,1,0.1255,0.01,0.1255,0.05
0.0075221,7.2449e-05,0,0.0011245,1,0.126,0.01,0.126,0.05
0.007522,7.2067e-05,0,0.0011244,1,0.1265,0.01,0.1265,0.05
0.0075219,7.1684e-05,0,0.0011244,1,0.127,0.01,0.127,0.05
0.0075218,7.1302e-05,0,0.0011244,1,0.1275,0.01,0.1275,0.05
0.0075217,7.092e-05,0,0.0011244,1,0.128,0.01,0.128,0.05
0.0075216,7.0537e-05,0,0.0011243,1,0.1285,0.01,0.1285,0.05
0.0075214,7.0155e-05,0,0.0011243,1,0.129,0.01,0.129,0.05
0.0075213,6.9773e-05,0,0.0011243,1,0.1295,0.01,0.1295,0.05
0.0075212,6.939e-05,0,0.0011243,1,0.13,0.01,0.13,0.05
0.0075211,6.9008e-05,0,0.0011242,1,0.1305,0.01,0.1305,0.05
0.007521,6.8625e-05,0,0.0011242,1,0.131,0.01,0.131,0.05
0.0075209,6.8243e-05,0,0.0011242,1,0.1315,0.01,0.1315,0.05
0.0075208,6.7861e-05,0,0.0011242,1,0.132,0.01,0.132,0.05
0.0075207,6.7478e-05,0,0.0011241,1,0.1325,0.01,0.1325,0.05
0.0075206,6.7096e-05,0,0.0011241,1,0.133,0.01,0.133,0.05
0.0075204,6.6714e-05,0,0.0011241,1,0.1335,0.01,0.1335,0.05
0.0075203,6.6331e-05,0,0.001124,1,0.134,0.01,0.134,0.05
0.0075202,6.5949e-05,0,0.001124,1,0.1345,0.01,0.1345,0.05
0.0075201,6.5567e-05,0,0.001124,1,0.135,0.01,0.135,0.05
0.00752,6.5184e-05,0,0.001124,1,0.1355,0.01,0.1355,0.05
0.0075199,6.4802e-05,0,0.0011239,1,0.136,0.01,0.136,0.05
0.0075198,6.442e-05,0,0.0011239,1,0.1365,0.01,0.1365,0.05
0.0075197,6.4037e-05,0,0.0011239,1,0.137,0.01,0.137,0.05
0.0075196,6.3655e-05,0,0.0011239,1,0.1375,0.01,0.1375,0.05
0.0075194,6.3273e-05,0,0.0011238,1,0.138,0.01,0.138,0.05
0.0075193,6.289e-05,0,0.0011238,1,0.1385,0.01,0.1385,0.05
0.0075192,6.2508e-05,0,0.0011238,1,0.139,0.01,0.139,0.05
0.0075191,6.2126e-05,0,0.0011238,1,0.1395,0.01,0.1395,0.05
0.007519,6.1743e-05,0,0.0011237,1,0.14,0.01,0.14,0.05
0.0075189,6.1361e-05,0,0.0011237,1,0.1405,0.01,0.1405,0.05
0.0075188,6.0979e-05,0,0.0011237,1,0.141,0.01,0.141,0.05
0.0075187,6.0596e-05,0,0.0011237,1,0.1415,0.01,0.1415,0.05
0.0075186,6.0214e-05,0,0.0011236,1,0.142,0.01,0.142,0.05
0.0075184,5.9831e-05,0,0.0011236,1,0.1425,0.01,0.1425,0.05
0.0075183,5.9449e-05,0,0.0011236,1,0.143,0.01,0.143,0.05
0.0075182,5.9067e-05,0,0.0011235,1,0.1435,0.01,0.1435,0.05
0.0075181,5.8684e-05,0,0.0011235,1,0.144,0.01,0.144,0.05
0.007518,5.8302e-05,0,0.0011235,1,0.1445,0.01,0.1445,0.05
0.0075179,5.792e-05,0,0.0011235,1,0.145,0.01,0.145,0.05
0.0075178,5.7537e-05,0,0.0011234,1,0.1455,0.01,0.1455,0.05
0.0075177,5.7155e-05,0,0.0011234,1,0.146,0.01,0.146,0.05
0.0075176,5.6773e-05,0,0.0011234,1,0.1465,0.01,0.1465,0.05
0.0075174,5.639e-05,0,0.0011234,1,0.147,0.01,0.147,0.05
0.0075173,5.6008e-05,0,0.0011233,1,0.1475,0.01,0.1475,0.05
0.0075172,5.5626e-05,0,0.0011233,1,0.148,0.01,0.148,0.05
0.0075171,5.5243e-05,0,0.0011233,1,0.1485,0.01,0.1485,0.05
0.007517,5.4861e-05,0,0.0011233,1,0.149,0.01,0.149,0.05
0.0075169,5.4479e-05,0,0.0011232,1,0.1495,0.01,0.1495,0.05
0.0075168,5.4096e-05,0,0.0011232,1,0.15,0.01,0.15,0.05
0.0075167,5.3794e-05,0,0.0011232,1,0.1505,0.01,0.1505,0.05
0.0075167,5.3491e-05,0,0.0011232,1,0.151,0.01,0.151,0.05
0.0075166,5.3188e-05,0,0.0011232,1,0.1515,0.01,0.1515,0.05
0.0075166,5.2886e-05,0,0.0011232,1,0.152,0.01,0.152,0.05
0.0075165,5.2583e-05,0,0.0011231,1,0.1525,0.01,0.1525,0.05
0.0075165,5.228e-05,0,0.0011231,1,0.153,0.01,0.153,0.05
0.0075164,5.1978e-05,0,0.0011231,1,0.1535,0.01,0.1535,0.05
0.0075163,5.1675e-05,0,0.0011231,1,0.154,0.01,0.154,0.05
0.0075163,5.1372e-05,0,0.0011231,1,0.1545,0.01,0.1545,0.05
0.0075162,5.107e-05,0,0.0011231,1,0.155,0.01,0.155,0.05
0.0075162,5.0767e-05,0,0.0011231,1,0.1555,0.01,0.1555,0.05
0.0075161,5.0464e-05,0,0.001123,1,0.156,0.01,0.156,0.05
0.0075161,5.0162e-05,0,0.001123,1,0.1565,0.01,0.1565,0.05
0.007516,4.9859e-05,0,0.001123,1,0.157,0.01,0.157,0.05
0.007516,4.9556e-05,0,0.001123,1,0.1575,0.01,0.1575,0.05
0.0075159,4.9254e-05,0,0.001123,1,0.158,0.01,0.158,0.05
0.0075159,4.8951e-05,0,0.001123,1,0.1585,0.01,0.1585,0.05
0.0075158,4.8648e-05,0,0.001123,1,0.159,0.01,0.159,0.05
0.0075158,4.8346e-05,0,0.001123,1,0.1595,0.01,0.1595,0.05
0.0075157,4.8043e-05,0,0.0011229,1,0.16,0.01,0.16,0.05
0.0075156,4.774e-05,0,0.0011229,1,0.1605,0.01,0.1605,0.05
0.0075156,4.7438e-05,0,0.0011229,1,0.161,0.01,0.161,0.05
0.0075155,4.7135e-05,0,0.0011229,1,0.1615,0.01,0.1615,0.05
0.0075155,4.6832e-05,0,0.0011229,1,0.162,0.01,0.162,0.05
0.0075154,4.653e-05,0,0.0011229,1,0.1625,0.01,0.1625,0.05
0.0075154,4.6227e-05,0,0.0011229,1,0.163,0.01,0.163,0.05
0.0075153,4.5924e-05,0,0.0011229,1,0.1635,0.01,0.1635,0.05
0.0075153,4.5622e-05,0,0.0011228,1,0.164,0.01,0.164,0.05
0.0075152,4.5319e-05,0,0.0011228,1,0.1645,0.01,0.1645,0.05
0.0075152,4.5016e-05,0,0.0011228,1,0.165,0.01,0.165,0.05
0.0075151,4.4714e-05,0,0.0011228,1,0.1655,0.01,0.1655,0.05
0.0075151,4.4411e-05,0,0.0011228,1,0.166,0.01,0.166,0.05
0.007515,4.4108e-05,0,0.0011228,1,0.1665,0.01,0.1665,0.05
0.0075149,4.3806e-05,0,0.0011228,1,0.167,0.01,0.167,0.05
0.0075149,4.3503e-05,0,0.0011227,1,0.1675,0.01,0.1675,0.05
0.0075148,4.32e-05,0,0.0011227,1,0.168,0.01,0.168,0.05
0.0075148,4.2897e-05,0,0.0011227,1,0.1685,0.01,0.1685,0.05
0.0075147,4.2595e-05,0,0.0011227,1,0.169,0.01,0.169,0.05
0.0075147,4.2292e-05,0,0.0011227,1,0.1695,0.01,0.1695,0.05
0.0075146,4.1989e-05,0,0.0011227,1,0.17,0.01,0.17,0.05
0.0075146,4.1687e-05,0,0.0011227,1,0.1705,0.01,0.1705,0.05
0.0075145,4.1384e-05,0,0.0011227,1,0.171,0.01,0.171,0.05
0.0075145,4.1081e-05,0,0.0011226,1,0.1715,0.01,0.1715,0.05
0.0075144,4.0779e-05,0,0.0011226,1,0.172,0.01,0.172,0.05
0.0075143,4.0476e-05,0,0.0011226,1,0.1725,0.01,0.1725,0.05
0.0075143,4.0173e-05,0,0.0011226,1,0.173,0.01,0.173,0.05
0.0075142,3.9871e-05,0,0.0011226,1,0.1735,0.01,0.1735,0.05
0.0075142,3.9568e-05,0,0.0011226,1,0.174,0.01,0.174,0.05
0.0075141,3.9265e-05,0,0.0011226,1,0.1745,0.01,0.1745,0.05
0.0075141,3.8963e-05,0,0.0011225,1,0.175,0.01,0.175,0.05
0.007514,3.866e-05,0,0.0011225,1,0.1755,0.01,0.1755,0.05
0.007514,3.8357e-05,0,0.0011225,1,0.176,0.01,0.176,0.05
0.0075139,3.8055e-05,0,0.0011225,1,0.1765,0.01,0.1765,0.05
0.0075139,3.7752e-05,0,0.0011225,1,0.177,0.01,0.177,0.05
0.0075138,3.7449e-05,0,0.0011225,1,0.1775,0.01,0.1775,0.05
0.0075138,3.7147e-05,0,0.0011225,1,0.178,0.01,0.178,0.05
0.0075137,3.6844e-05,0,0.0011225,1,0.1785,0.01,0.1785,0.05
0.0075136,3.6541e-05,0,0.0011224,1,0.179,0.01,0.179,0.05
0.0075136,3.6239e-05,0,0.0011224,1,0.1795,0.01,0.1795,0.05
0.0075135,3.5936e-05,0,0.0011224,1,0.18,0.01,0.18,0.05
0.0075135,3.5633e-05,0,0.0011224,1,0.1805,0.01,0.1805,0.05
0.0075134,3.5331e-05,0,0.0011224,1,0.181,0.01,0.181,0.05
0.0075134,3.5028e-05,0,0.0011224,1,0.1815,0.01,0.1815,0.05
0.0075133,3.4725e-05,0,0.0011224,1,0.182,0.01,0.182,0.05
0.0075133,3.4423e-05,0,0.0011224,1,0.1825,0.01,0.1825,0.05
0.0075132,3.412e-05,0,0.0011223,1,0.183,0.01,0.183,0.05
0.0075132,3.3817e-05,0,0.0011223,1,0.1835,0.01,0.1835,0.05
0.0075131,3.3515e-05,0,0.0011223,1,0.184,0.01,0.184,0.05
0.0075131,3.3212e-05,0,0.0011223,1,0.1845,0.01,0.1845,0.05
0.007513,3.2909e-05,0,0.0011223,1,0.185,0.01,0.185,0.05
0.0075129,3.2607e-05,0,0.0011223,1,0.1855,0.01,0.1855,0.05
0.0075129,3.2304e-05,0,0.0011223,1,0.186,0.01,0.186,0.05
0.0075128,3.2001e-05,0,0.0011222,1,0.1865,0.01,0.1865,0.05
0.0075128,3.1699e-05,0,0.0011222,1,0.187,0.01,0.187,0.05
0.0075127,3.1396e-05,0,0.0011222,1,0.1875,0.01,0.1875,0.05
0.0075127,3.1093e-05,0,0.0011222,1,0.188,0.01,0.188,0.05
0.0075126,3.0791e-05,0,0.0011222,1,0.1885,0.01,0.1885,0.05
0.0075126,3.0488e-05,0,0.0011222,1,0.189,0.01,0.189,0.05
0.0075125,3.0185e-05,0,0.0011222,1,0.1895,0.01,0.1895,0.05
0.0075125,2.9883e-05,0,0.0011222,1,0.19,0.01,0.19,0.05
0.0075124,2.958e-05,0,0.0011221,1,0.1905,0.01,0.1905,0.05
0.0075123,2.9277e-05,0,0.0011221,1,0.191,0.01,0.191,0.05
0.0075123,2.8975e-05,0,0.0011221,1,0.1915,0.01,0.1915,0.05
0.0075122,2.8672e-05,0,0.0011221,1,0.192,0.01,0.192,0.05
0.0075122,2.8369e-05,0,0.0011221,1,0.1925,0.01,0.1925,0.05
0.0075121,2.8067e-05,0,0.0011221,1,0.193,0.01,0.193,0.05
0.0075121,2.7764e-05,0,0.0011221,1,0.1935,0.01,0.1935,0.05
0.007512,2.7461e-05,0,0.001122,1,0.194,0.01,0.194,0.05
0.007512,2.7159e-05,0,0.001122,1,0.1945,0.01,0.1945,0.05
0.0075119,2.6856e-05,0,0.001122,1,0.195,0.01,0.195,0.05
0.0075119,2.6553e-05,0,0.001122,1,0.1955,0.01,0.1955,0.05
0.0075118,2.6251e-05,0,0.001122,1,0.196,0.01,0.196,0.05
0.0075118,2.5948e-05,0,0.001122,1,0.1965,0.01,0.1965,0.05
0.0075117,2.5645e-05,0,0.001122,1,0.197,0.01,0.197,0.05
0.0075116,2.5343e-05,0,0.001122,1,0.1975,0.01,0.1975,0.05
0.0075116,2.504e-05,0,0.0011219,1,0.198,0.01,0.198,0.05
0.0075115,2.4737e-05,0,0.0011219,1,0.1985,0.01,0.1985,0.05
0.0075115,2.4435e-05,0,0.0011219,1,0.199,0.01,0.199,0.05
0.0075114,2.4132e-05,0,0.0011219,1,0.1995,0.01,0.1995,0.05
0.0075114,2.3829e-05,0,0.0011219,1,0.2,0.01,0.2,0.05
0.0075114,2.3591e-05,0,0.0011219,1,0.2005,0.01,0.2005,0.05
0.0075114,2.3353e-05,0,0.0011219,1,0.201,0.01,0.201,0.05
0.0075113,2.3114e-05,0,0.0011219,1,0.2015,0.01,0.2015,0.05
0.0075113,2.2876e-05,0,0.0011219,1,0.202,0.01,0.202,0.05
0.0075113,2.2638e-05,0,0.0011219,1,0.2025,0.01,0.2025,0.05
0.0075113,2.24e-05,0,0.0011219,1,0.203,0.01,0.203,0.05
0.0075113,2.2161e-05,0,0.0011219,1,0.2035,0.01,0.2035,0.05
0.0075113,2.1923e-05,0,0.0011219,1,0.204,0.01,0.204,0.05
0.0075113,2.1685e-05,0,0.0011219,1,0.2045,0.01,0.2045,0.05
0.0075113,2.1446e-05,0,0.0011218,1,0.205,0.01,0.205,0.05
0.0075113,2.1208e-05,0,0.0011218,1,0.2055,0.01,0.2055,0.05
0.0075112,2.097e-05,0,0.0011218,1,0.206,0.01,0.206,0.05
0.0075112,2.0731e-05,0,0.0011218,1,0.2065,0.01,0.2065,0.05
0.0075112,2.0493e-05,0,0.0011218,1,0.207,0.01,0.207,0.05
0.0075112,2.0255e-05,0,0.0011218,1,0.2075,0.01,0.2075,0.05
0.0075112,2.0017e-05,0,0.0011218,1,0.208,0.01,0.208,0.05
0.0075112,1.9778e-05,0,0.0011218,1,0.2085,0.01,0.2085,0.05
0.0075112,1.954e-05,0,0.0011218,1,0.209,0.01,0.209,0.05
0.0075112,1.9302e-05,0,0.0011218,1,0.2095,0.01,0.2095,0.05
0.0075112,1.9063e-05,0,0.0011218,1,0.21,0.01,0.21,0.05
0.0075112,1.8825e-05,0,0.0011218,1,0.2105,0.01,0.2105,0.05
0.0075111,1.8587e-05,0,0.0011218,1,0.211,0.01,0.211,0.05
0.0075111,1.8349e-05,0,0.0011218,1,0.2115,0.01,0.2115,0.05
0.0075111,1.811e-05,0,0.0011218,1,0.212,0.01,0.212,0.05
0.0075111,1.7872e-05,0,0.0011218,1,0.2125,0.01,0.2125,0.05
0.0075111,1.7634e-05,0,0.0011218,1,0.213,0.01,0.213,0.05
0.0075111,1.7395e-05,0,0.0011218,1,0.2135,0.01,0.2135,0.05
0.0075111,1.7157e-05,0,0.0011218,1,0.214,0.01,0.214,0.05
0.0075111,1.6919e-05,0,0.0011218,1,0.2145,0.01,0.2145,0.05
0.0075111,1.668e-05,0,0.0011218,1,0.215,0.01,0.215,0.05
0.007511,1.6442e-05,0,0.0011218,1,0.2155,0.01,0.2155,0.05
0.007511,1.6204e-05,0,0.0011218,1,0.216,0.01,0.216,0.05
0.007511,1.5966e-05,0,0.0011218,1,0.2165,0.01,0.2165,0.05
0.007511,1.5727e-05,0,0.0011217,1,0.217,0.01,0.217,0.05
0.007511,1.5489e-05,0,0.0011217,1,0.2175,0.01,0.2175,0.05
0.007511,1.5251e-05,0,0.0011217,1,0.218,0.01,0.218,0.05
0.007511,1.5012e-05,0,0.0011217,1,0.2185,0.01,0.2185,0.05
0.007511,1.4774e-05,0,0.0011217,1,0.219,0.01,0.219,0.05
0.007511,1.4536e-05,0,0.0011217,1,0.2195,0.01,0.2195,0.05
0.0075109,1.4298e-05,0,0.0011217,1,0.22,0.01,0.22,0.05
0.0075109,1.4059e-05,0,0.0011217,1,0.2205,0.01,0.2205,0.05
0.0075109,1.3821e-05,0,0.0011217,1,0.221,0.01,0.221,0.05
0.0075109,1.3583e-05,0,0.0011217,1,0.2215,0.01,0.2215,0.05
0.0075109,1.3344e-05,0,0.0011217,1,0.222,0.01,0.222,0.05
0.0075109,1.3106e-05,0,0.0011217,1,0.2225,0.01,0.2225,0.05
0.0075109,1.2868e-05,0,0.0011217,1,0.223,0.01,0.223,0.05
0.0075109,1.263e-05,0,0.0011217,1,0.2235,0.01,0.2235,0.05
0.0075109,1.2391e-05,0,0.0011217,1,0.224,0.01,0.224,0.05
0.0075109,1.2153e-05,0,0.0011217,1,0.2245,0.01,0.2245,0.05
0.0075108,1.1915e-05,0,0.0011217,1,0.225,0.01,0.225,0.05
0.0075108,1.1676e-05,0,0.0011217,1,0.2255,0.01,0.2255,0.05
0.0075108,1.1438e-05,0,0.0011217,1,0.226,0.01,0.226,0.05
0.0075108,1.12e-05,0,0.0011217,1,0.2265,0.01,0.2265,0.05
0.0075108,1.0961e-05,0,0.0011217,1,0.227,0.01,0.227,0.05
0.0075108,1.0723e-05,0,0.0011217,1,0.2275,0.01,0.2275,0.05
0.0075108,1.0485e-05,0,0.0011217,1,0.228,0.01,0.228,0.05
0.0075108,1.0247e-05,0,0.0011217,1,0.2285,0.01,0.2285,0.05
0.0075108,1.0008e-05,0,0.0011217,1,0.229,0.01,0.229,0.05
0.0075107,9.77e-06,0,0.0011216,1,0.2295,0.01,0.2295,0.05
0.0075107,9.5317e-06,0,0.0011216,1,0.23,0.01,0.23,0.05
0.0075107,9.2934e-06,0,0.0011216,1,0.2305,0.01,0.2305,0.05
0.0075107,9.0551e-06,0,0.0011216,1,0.231,0.01,0.231,0.05
0.0075107,8.8168e-06,0,0.0011216,1,0.2315,0.01,0.2315,0.05
0.0075107,8.5785e-06,0,0.0011216,1,0.232,0.01,0.232,0.05
0.0075107,8.3402e-06,0,0.0011216,1,0.2325,0.01,0.2325,0.05
0.0075107,8.102e-06,0,0.0011216,1,0.233,0.01,0.233,0.05
0.0075107,7.8637e-06,0,0.0011216,1,0.2335,0.01,0.2335,0.05
0.0075106,7.6254e-06,0,0.0011216,1,0.234,0.01,0.234,0.05
0.0075106,7.3871e-06,0,0.0011216,1,0.2345,0.01,0.2345,0.05
0.0075106,7.1488e-06,0,0.0011216,1,0.235,0.01,0.235,0.05
0.0075106,6.9105e-06,0,0.0011216,1,0.2355,0.01,0.2355,0.05
0.0075106,6.6722e-06,0,0.0011216,1,0.236,0.01,0.236,0.05
0.0075106,6.4339e-06,0,0.0011216,1,0.2365,0.01,0.2365,0.05
0.0075106,6.1956e-06,0,0.0011216,1,0.237,0.01,0.237,0.05
0.0075106,5.9573e-06,0,0.0011216,1,0.2375,0.01,0.2375,0.05
0.0075106,5.719e-06,0,0.0011216,1,0.238,0.01,0.238,0.05
0.0075105,5.4807e-06,0,0.0011216,1,0.2385,0.01,0.2385,0.05
0.0075105,5.2424e-06,0,0.0011216,1,0.239,0.01,0.239,0.05
0.0075105,5.0041e-06,0,0.0011216,1,0.2395,0.01,0.2395,0.05
0.0075105,4.7659e-06,0,0.0011216,1,0.24,0.01,0.24,0.05
0.0075105,4.5276e-06,0,0.0011216,1,0.2405,0.01,0.2405,0.05
0.0075105,4.2893e-06,0,0.0011216,1,0.241,0.01,0.241,0.05
0.0075105,4.051e-06,0,0.0011215,1,0.2415,0.01,0.2415,0.05
0.0075105,3.8127e-06,0,0.0011215,1,0.242,0.01,0.242,0.05
0.0075105,3.5744e-06,0,0.0011215,1,0.2425,0.01,0.2425,0.05
0.0075105,3.3361e-06,0,0.0011215,1,0.243,0.01,0.243,0.05
0.0075104,3.0978e-06,0,0.0011215,1,0.2435,0.01,0.2435,0.05
0.0075104,2.8595e-06,0,0.0011215,1,0.244,0.01,0.244,0.05
0.0075104,2.6212e-06,0,0.0011215,1,0.2445,0.01,0.2445,0.05
0.0075104,2.3829e-06,0,0.0011215,1,0.245,0.01,0.245,0.05
0.0075104,2.1446e-06,0,0.0011215,1,0.2455,0.01,0.2455,0.05
0.0075104,1.9063e-06,0,0.0011215,1,0.246,0.01,0.246,0.05
0.0075104,1.6681e-06,0,0.0011215,1,0.2465,0.01,0.2465,0.05
0.0075104,1.4298e-06,0,0.0011215,1,0.247,0.01,0.247,0.05
0.0075104,1.1915e-06,0,0.0011215,1,0.2475,0.01,0.2475,0.05
0.0075103,9.5317e-07,0,0.0011215,1,0.248,0.01,0.248,0.05
0.0075103,7.1488e-07,0,0.0011215,1,0.2485,0.01,0.2485,0.05
0.0075103,4.7659e-07,0,0.0011215,1,0.249,0.01,0.249,0.05
0.0075103,2.3829e-07,0,0.0011215,1,0.2495,0.01,0.2495,0.05
0.0075103,2.2737e-12,0,0.0011215,1,0.25,0.01,0.25,0.05
0.0075103,-2.3829e-07,0,0.0011215,1,0.2505,0.01,0.2505,0.05
0.0075103,-4.7658e-07,0,0.0011215,1,0.251,0.01,0.251,0.05
0.0075103,-7.1488e-07,0,0.0011215,1,0.2515,0.01,0.2515,0.05
0.0075103,-9.5317e-07,0,0.0011215,1,0.252,0.01,0.252,0.05
0.0075104,-1.1915e-06,0,0.0011215,1,0.2525,0.01,0.2525,0.05
0.0075104,-1.4297e-06,0,0.0011215,1,0.253,0.01,0.253,0.05
0.0075104,-1.6681e-06,0,0.0011215,1,0.2535,0.01,0.2535,0.05
0.0075104,-1.9063e-06,0,0.0011215,1,0.254,0.01,0.254,0.05
0.0075104,-2.1446e-06,0,0.0011215,1,0.2545,0.01,0.2545,0.05
0.0075104,-2.3829e-06,0,0.0011215,1,0.255,0.01,0.255,0.05
0.0075104,-2.6212e-06,0,0.0011215,1,0.2555,0.01,0.2555,0.05
0.0075104,-2.8595e-06,0,0.0011215,1,0.256,0.01,0.256,0.05
0.0075104,-3.0978e-06,0,0.0011215,1,0.2565,0.01,0.2565,0.05
0.0075105,-3.3361e-06,0,0.0011215,1,0.257,0.01,0.257,0.05
0.0075105,-3.5744e-06,0,0.0011215,1,0.2575,0.01,0.2575,0.05
0.0075105,-3.8127e-06,0,0.0011215,1,0.258,0.01,0.258,0.05
0.0075105,-4.051e-06,0,0.0011215,1,0.2585,0.01,0.2585,0.05
0.0075105,-4.2893e-06,0,0.0011216,1,0.259,0.01,0.259,0.05
0.0075105,-4.5276e-06,0,0.0011216,1,0.2595,0.01,0.2595,0.05
0.0075105,-4.7658e-06,0,0.0011216,1,0.26,0.01,0.26,0.05
0.0075105,-5.0041e-06,0,0.0011216,1,0.2605,0.01,0.2605,0.05
0.0075105,-5.2424e-06,0,0.0011216,1,0.261,0.01,0.261,0.05
0.0075105,-5.4807e-06,0,0.0011216,1,0.2615,0.01,0.2615,0.05
0.0075106,-5.719e-06,0,0.0011216,1,0.262,0.01,0.262,0.05
0.0075106,-5.9573e-06,0,0.0011216,1,0.2625,0.01,0.2625,0.05
0.0075106,-6.1956e-06,0,0.0011216,1,0.263,0.01,0.263,0.05
0.0075106,-6.4339e-06,0,0.0011216,1,0.2635,0.01,0.2635,0.05
0.0075106,-6.6722e-06,0,0.0011216,1,0.264,0.01,0.264,0.05
0.0075106,-6.9105e-06,0,0.0011216,1,0.2645,0.01,0.2645,0.05
0.0075106,-7.1488e-06,0,0.0011216,1,0.265,0.01,0.265,0.05
0.0075106,-7.3871e-06,0,0.0011216,1,0.2655,0.01,0.2655,0.05
0.0075106,-7.6254e-06,0,0.0011216,1,0.266,0.01,0.266,0.05
0.0075107,-7.8637e-06,0,0.0011216,1,0.2665,0.01,0.2665,0.05
0.0075107,-8.1019e-06,0,0.0011216,1,0.267,0.01,0.267,0.05
0.0075107,-8.3402e-06,0,0.0011216,1,0.2675,0.01,0.2675,0.05
0.0075107,-8.5785e-06,0,0.0011216,1,0.268,0.01,0.268,0.05
0.0075107,-8.8168e-06,0,0.0011216,1,0.2685,0.01,0.2685,0.05
0.0075107,-9.0551e-06,0,0.0011216,1,0.269,0.01,0.269,0.05
0.0075107,-9.2934e-06,0,0.0011216,1,0.2695,0.01,0.2695,0.05
0.0075107,-9.5317e-06,0,0.0011216,1,0.27,0.01,0.27,0.05
0.0075107,-9.77e-06,0,0.0011216,1,0.2705,0.01,0.2705,0.05
0.0075108,-1.0008e-05,0,0.0011217,1,0.271,0.01,0.271,0.05
0.0075108,-1.0247e-05,0,0.0011217,1,0.2715,0.01,0.2715,0.05
0.0075108,-1.0485e-05,0,0.0011217,1,0.272,0.01,0.272,0.05
0.0075108,-1.0723e-05,0,0.0011217,1,0.2725,0.01,0.2725,0.05
0.0075108,-1.0961e-05,0,0.0011217,1,0.273,0.01,0.273,0.05
0.0075108,-1.12e-05,0,0.0011217,1,0.2735,0.01,0.2735,0.05
0.0075108,-1.1438e-05,0,0.0011217,1,0.274,0.01,0.274,0.05
0.0075108,-1.1676e-05,0,0.0011217,1,0.2745,0.01,0.2745,0.05
0.0075108,-1.1915e-05,0,0.0011217,1,0.275,0.01,0.275,0.05
0.0075109,-1.2153e-05,0,0.0011217,1,0.2755,0.01,0.2755,0.05
0.0075109,-1.2391e-05,0,0.0011217,1,0.276,0.01,0.276,0.05
0.0075109,-1.2629e-05,0,0.0011217,1,0.2765,0.01,0.2765,0.05
0.0075109,-1.2868e-05,0,0.0011217,1,0.277,0.01,0.277,0.05
0.0075109,-1.3106e-05,0,0.0011217,1,0.2775,0.01,0.2775,0.05
0.0075109,-1.3344e-05,0,0.0011217,1,0.278,0.01,0.278,0.05
0.0075109,-1.3583e-05,0,0.0011217,1,0.2785,0.01,0.2785,0.05
0.0075109,-1.3821e-05,0,0.0011217,1,0.279,0.01,0.279,0.05
0.0075109,-1.4059e-05,0,0.0011217,1,0.2795,0.01,0.2795,0.05
0.0075109,-1.4298e-05,0,0.0011217,1,0.28,0.01,0.28,0.05
0.007511,-1.4536e-05,0,0.0011217,1,0.2805,0.01,0.2805,0.05
0.007511,-1.4774e-05,0,0.0011217,1,0.281,0.01,0.281,0.05
0.007511,-1.5012e-05,0,0.0011217,1,0.2815,0.01,0.2815,0.05
0.007511,-1.5251e-05,0,0.0011217,1,0.282,0.01,0.282,0.05
0.007511,-1.5489e-05,0,0.0011217,1,0.2825,0.01,0.2825,0.05
0.007511,-1.5727e-05,0,0.0011217,1,0.283,0.01,0.283,0.05
0.007511,-1.5966e-05,0,0.0011218,1,0.2835,0.01,0.2835,0.05
0.007511,-1.6204e-05,0,0.0011218,1,0.284,0.01,0.284,0.05
0.007511,-1.6442e-05,0,0.0011218,1,0.2845,0.01,0.2845,0.05
0.0075111,-1.668e-05,0,0.0011218,1,0.285,0.01,0.285,0.05
0.0075111,-1.6919e-05,0,0.0011218,1,0.2855,0.01,0.2855,0.05
0.0075111,-1.7157e-05,0,0.0011218,1,0.286,0.01,0.286,0.05
0.0075111,-1.7395e-05,0,0.0011218,1,0.2865,0.01,0.2865,0.05
0.0075111,-1.7634e-05,0,0.0011218,1,0.287,0.01,0.287,0.05
0.0075111,-1.7872e-05,0,0.0011218,1,0.2875,0.01,0.2875,0.05
0.0075111,-1.811e-05,0,0.0011218,1,0.288,0.01,0.288,0.05
0.0075111,-1.8349e-05,0,0.0011218,1,0.2885,0.01,0.2885,0.05
0.0075111,-1.8587e-05,0,0.0011218,1,0.289,0.01,0.289,0.05
0.0075112,-1.8825e-05,0,0.0011218,1,0.2895,0.01,0.2895,0.05
0.0075112,-1.9063e-05,0,0.0011218,1,0.29,0.01,0.29,0.05
0.0075112,-1.9302e-05,0,0.0011218,1,0.2905,0.01,0.2905,0.05
0.0075112,-1.954e-05,0,0.0011218,1,0.291,0.01,0.291,0.05
0.0075112,-1.9778e-05,0,0.0011218,1,0.2915,0.01,0.2915,0.05
0.0075112,-2.0017e-05,0,0.0011218,1,0.292,0.01,0.292,0.05
0.0075112,-2.0255e-05,0,0.0011218,1,0.2925,0.01,0.2925,0.05
0.0075112,-2.0493e-05,0,0.0011218,1,0.293,0.01,0.293,0.05
0.0075112,-2.0731e-05,0,0.0011218,1,0.2935,0.01,0.2935,0.05
0.0075112,-2.097e-05,0,0.0011218,1,0.294,0.01,0.294,0.05
0.0075113,-2.1208e-05,0,0.0011218,1,0.2945,0.01,0.2945,0.05
0.0075113,-2.1446e-05,0,0.0011218,1,0.295,0.01,0.295,0.05
0.0075113,-2.1685e-05,0,0.0011219,1,0.2955,0.01,0.2955,0.05
0.0075113,-2.1923e-05,0,0.0011219,1,0.296,0.01,0.296,0.05
0.0075113,-2.2161e-05,0,0.0011219,1,0.2965,0.01,0.2965,0.05
0.0075113,-2.2399e-05,0,0.0011219,1,0.297,0.01,0.297,0.05
0.0075113,-2.2638e-05,0,0.0011219,1,0.2975,0.01,0.2975,0.05
0.0075113,-2.2876e-05,0,0.0011219,1,0.298,0.01,0.298,0.05
0.0075113,-2.3114e-05,0,0.0011219,1,0.2985,0.01,0.2985,0.05
0.0075114,-2.3353e-05,0,0.0011219,1,0.299,0.01,0.299,0.05
0.0075114,-2.3591e-05,0,0.0011219,1,0.2995,0.01,0.2995,0.05
0.0075114,-2.3829e-05,0,0.0011219,1,0.3,0.01,0.3,0.05
0.0075114,-2.4132e-05,0,0.0011219,1,0.3005,0.01,0.3005,0.05
0.0075115,-2.4435e-05,0,0.0011219,1,0.301,0.01,0.301,0.05
0.0075115,-2.4737e-05,0,0.0011219,1,0.3015,0.01,0.3015,0.05
0.0075116,-2.504e-05,0,0.0011219,1,0.302,0.01,0.302,0.05
0.0075116,-2.5343e-05,0,0.001122,1,0.3025,0.01,0.3025,0.05
0.0075117,-2.5645e-05,0,0.001122,1,0.303,0.01,0.303,0.05
0.0075118,-2.5948e-05,0,0.001122,1,0.3035,0.01,0.3035,0.05
0.0075118,-2.6251e-05,0,0.001122,1,0.304,0.01,0.304,0.05
0.0075119,-2.6553e-05,0,0.001122,1,0.3045,0.01,0.3045,0.05
0.0075119,-2.6856e-05,0,0.001122,1,0.305,0.01,0.305,0.05
0.007512,-2.7159e-05,0,0.001122,1,0.3055,0.01,0.3055,0.05
0.007512,-2.7461e-05,0,0.001122,1,0.306,0.01,0.306,0.05
0.0075121,-2.7764e-05,0,0.0011221,1,0.3065,0.01,0.3065,0.05
0.0075121,-2.8067e-05,0,0.0011221,1,0.307,0.01,0.307,0.05
0.0075122,-2.8369e-05,0,0.0011221,1,0.3075,0.01,0.3075,0.05
0.0075122,-2.8672e-05,0,0.0011221,1,0.308,0.01,0.308,0.05
0.0075123,-2.8975e-05,0,0.0011221,1,0.3085,0.01,0.3085,0.05
0.0075123,-2.9277e-05,0,0.0011221,1,0.309,0.01,0.309,0.05
0.0075124,-2.958e-05,0,0.0011221,1,0.3095,0.01,0.3095,0.05
0.0075125,-2.9883e-05,0,0.0011222,1,0.31,0.01,0.31,0.05
0.0075125,-3.0185e-05,0,0.0011222,1,0.3105,0.01,0.3105,0.05
0.0075126,-3.0488e-05,0,0.0011222,1,0.311,0.01,0.311,0.05
0.0075126,-3.0791e-05,0,0.0011222,1,0.3115,0.01,0.3115,0.05
0.0075127,-3.1093e-05,0,0.0011222,1,0.312,0.01,0.312,0.05
0.0075127,-3.1396e-05,0,0.0011222,1,0.3125,0.01,0.3125,0.05
0.0075128,-3.1699e-05,0,0.0011222,1,0.313,0.01,0.313,0.05
0.0075128,-3.2001e-05,0,0.0011222,1,0.3135,0.01,0.3135,0.05
0.0075129,-3.2304e-05,0,0.0011223,1,0.314,0.01,0.314,0.05
0.0075129,-3.2607e-05,0,0.0011223,1,0.3145,0.01,0.3145,0.05
0.007513,-3.2909e-05,0,0.0011223,1,0.315,0.01,0.315,0.05
0.0075131,-3.3212e-05,0,0.0011223,1,0.3155,0.01,0.3155,0.05
0.0075131,-3.3515e-05,0,0.0011223,1,0.316,0.01,0.316,0.05
0.0075132,-3.3817e-05,0,0.0011223,1,0.3165,0.01,0.3165,0.05
0.0075132,-3.412e-05,0,0.0011223,1,0.317,0.01,0.317,0.05
0.0075133,-3.4423e-05,0,0.0011224,1,0.3175,0.01,0.3175,0.05
0.0075133,-3.4725e-05,0,0.0011224,1,0.318,0.01,0.318,0.05
0.0075134,-3.5028e-05,0,0.0011224,1,0.3185,0.01,0.3185,0.05
0.0075134,-3.5331e-05,0,0.0011224,1,0.319,0.01,0.319,0.05
0.0075135,-3.5633e-05,0,0.0011224,1,0.3195,0.01,0.3195,0.05
0.0075135,-3.5936e-05,0,0.0011224,1,0.32,0.01,0.32,0.05
0.0075136,-3.6239e-05,0,0.0011224,1,0.3205,0.01,0.3205,0.05
0.0075136,-3.6541e-05,0,0.0011224,1,0.321,0.01,0.321,0.05
0.0075137,-3.6844e-05,0,0.0011225,1,0.3215,0.01,0.3215,0.05
0.0075138,-3.7147e-05,0,0.0011225,1,0.322,0.01,0.322,0.05
0.0075138,-3.7449e-05,0,0.0011225,1,0.3225,0.01,0.3225,0.05
0.0075139,-3.7752e-05,0,0.0011225,1,0.323,0.01,0.323,0.05
0.0075139,-3.8055e-05,0,0.0011225,1,0.3235,0.01,0.3235,0.05
0.007514,-3.8357e-05,0,0.0011225,1,0.324,0.01,0.324,0.05
0.007514,-3.866e-05,0,0.0011225,1,0.3245,0.01,0.3245,0.05
0.0075141,-3.8963e-05,0,0.0011225,1,0.325,0.01,0.325,0.05
0.0075141,-3.9265e-05,0,0.0011226,1,0.3255,0.01,0.3255,0.05
0.0075142,-3.9568e-05,0,0.0011226,1,0.326,0.01,0.326,0.05
0.0075142,-3.9871e-05,0,0.0011226,1,0.3265,0.01,0.3265,0.05
0.0075143,-4.0173e-05,0,0.0011226,1,0.327,0.01,0.327,0.05
0.0075143,-4.0476e-05,0,0.0011226,1,0.3275,0.01,0.3275,0.05
0.0075144,-4.0779e-05,0,0.0011226,1,0.328,0.01,0.328,0.05
0.0075145,-4.1081e-05,0,0.0011226,1,0.3285,0.01,0.3285,0.05
0.0075145,-4.1384e-05,0,0.0011227,1,0.329,0.01,0.329,0.05
0.0075146,-4.1687e-05,0,0.0011227,1,0.3295,0.01,0.3295,0.05
0.0075146,-4.1989e-05,0,0.0011227,1,0.33,0.01,0.33,0.05
0.0075147,-4.2292e-05,0,0.0011227,1,0.3305,0.01,0.3305,0.05
0.0075147,-4.2595e-05,0,0.0011227,1,0.331,0.01,0.331,0.05
0.0075148,-4.2897e-05,0,0.0011227,1,0.3315,0.01,0.3315,0.05
0.0075148,-4.32e-05,0,0.0011227,1,0.332,0.01,0.332,0.05
0.0075149,-4.3503e-05,0,0.0011227,1,0.3325,0.01,0.3325,0.05
0.0075149,-4.3806e-05,0,0.0011228,1,0.333,0.01,0.333,0.05
0.007515,-4.4108e-05,0,0.0011228,1,0.3335,0.01,0.3335,0.05
0.0075151,-4.4411e-05,0,0.0011228,1,0.334,0.01,0.334,0.05
0.0075151,-4.4714e-05,0,0.0011228,1,0.3345,0.01,0.3345,0.05
0.0075152,-4.5016e-05,0,0.0011228,1,0.335,0.01,0.335,0.05
0.0075152,-4.5319e-05,0,0.0011228,1,0.3355,0.01,0.3355,0.05
0.0075153,-4.5622e-05,0,0.0011228,1,0.336,0.01,0.336,0.05
0.0075153,-4.5924e-05,0,0.0011229,1,0.3365,0.01,0.3365,0.05
0.0075154,-4.6227e-05,0,0.0011229,1,0.337,0.01,0.337,0.05
0.0075154,-4.653e-05,0,0.0011229,1,0.3375,0.01,0.3375,0.05
0.0075155,-4.6832e-05,0,0.0011229,1,0.338,0.01,0.338,0.05
0.0075155,-4.7135e-05,0,0.0011229,1,0.3385,0.01,0.3385,0.05
0.0075156,-4.7438e-05,0,0.0011229,1,0.339,0.01,0.339,0.05
0.0075156,-4.774e-05,0,0.0011229,1,0.3395,0.01,0.3395,0.05
0.0075157,-4.8043e-05,0,0.0011229,1,0.34,0.01,0.34,0.05
0.0075158,-4.8346e-05,0,0.001123,1,0.3405,0.01,0.3405,0.05
0.0075158,-4.8648e-05,0,0.001123,1,0.341,0.01,0.341,0.05
0.0075159,-4.8951e-05,0,0.001123,1,0.3415,0.01,0.3415,0.05
0.0075159,-4.9254e-05,0,0.001123,1,0.342,0.01,0.342,0.05
0.007516,-4.9556e-05,0,0.001123,1,0.3425,0.01,0.3425,0.05
0.007516,-4.9859e-05,0,0.001123,1,0.343,0.01,0.343,0.05
0.0075161,-5.0162e-05,0,0.001123,1,0.3435,0.01,0.3435,0.05
0.0075161,-5.0464e-05,0,0.001123,1,0.344,0.01,0.344,0.05
0.0075162,-5.0767e-05,0,0.0011231,1,0.3445,0.01,0.3445,0.05
0.0075162,-5.107e-05,0,0.0011231,1,0.345,0.01,0.345,0.05
0.0075163,-5.1372e-05,0,0.0011231,1,0.3455,0.01,0.3455,0.05
0.0075163,-5.1675e-05,0,0.0011231,1,0.346,0.01,0.346,0.05
0.0075164,-5.1978e-05,0,0.0011231,1,0.3465,0.01,0.3465,0.05
0.0075165,-5.228e-05,0,0.0011231,1,0.347,0.01,0.347,0.05
0.0075165,-5.2583e-05,0,0.0011231,1,0.3475,0.01,0.3475,0.05
0.0075166,-5.2886e-05,0,0.0011232,1,0.348,0.01,0.348,0.05
0.0075166,-5.3188e-05,0,0.0011232,1,0.3485,0.01,0.3485,0.05
0.0075167,-5.3491e-05,0,0.0011232,1,0.349,0.01,0.349,0.05
0.0075167,-5.3794e-05,0,0.0011232,1,0.3495,0.01,0.3495,0.05
0.0075168,-5.4096e-05,0,0.0011232,1,0.35,0.01,0.35,0.05
0.0075169,-5.4479e-05,0,0.0011232,1,0.3505,0.01,0.3505,0.05
0.007517,-5.4861e-05,0,0.0011233,1,0.351,0.01,0.351,0.05
0.0075171,-5.5243e-05,0,0.0011233,1,0.3515,0.01,0.3515,0.05
0.0075172,-5.5626e-05,0,0.0011233,1,0.352,0.01,0.352,0.05
0.0075173,-5.6008e-05,0,0.0011233,1,0.3525,0.01,0.3525,0.05
0.0075174,-5.639e-05,0,0.0011234,1,0.353,0.01,0.353,0.05
0.0075176,-5.6773e-05,0,0.0011234,1,0.3535,0.01,0.3535,0.05
0.0075177,-5.7155e-05,0,0.0011234,1,0.354,0.01,0.354,0.05
0.0075178,-5.7537e-05,0,0.0011234,1,0.3545,0.01,0.3545,0.05
0.0075179,-5.792e-05,0,0.0011235,1,0.355,0.01,0.355,0.05
0.007518,-5.8302e-05,0,0.0011235,1,0.3555,0.01,0.3555,0.05
0.0075181,-5.8684e-05,0,0.0011235,1,0.356,0.01,0.356,0.05
0.0075182,-5.9067e-05,0,0.0011235,1,0.3565,0.01,0.3565,0.05
0.0075183,-5.9449e-05,0,0.0011236,1,0.357,0.01,0.357,0.05
0.0075184,-5.9831e-05,0,0.0011236,1,0.3575,0.01,0.3575,0.05
0.0075186,-6.0214e-05,0,0.0011236,1,0.358,0.01,0.358,0.05
0.0075187,-6.0596e-05,0,0.0011237,1,0.3585,0.01,0.3585,0.05
0.0075188,-6.0979e-05,0,0.0011237,1,0.359,0.01,0.359,0.05
0.0075189,-6.1361e-05,0,0.0011237,1,0.3595,0.01,0.3595,0.05
0.007519,-6.1743e-05,0,0.0011237,1,0.36,0.01,0.36,0.05
0.0075191,-6.2126e-05,0,0.0011238,1,0.3605,0.01,0.3605,0.05
0.0075192,-6.2508e-05,0,0.0011238,1,0.361,0.01,0.361,0.05
0.0075193,-6.289e-05,0,0.0011238,1,0.3615,0.01,0.3615,0.05
0.0075194,-6.3273e-05,0,0.0011238,1,0.362,0.01,0.362,0.05
0.0075196,-6.3655e-05,0,0.0011239,1,0.3625,0.01,0.3625,0.05
0.0075197,-6.4037e-05,0,0.0011239,1,0.363,0.01,0.363,0.05
0.0075198,-6.442e-05,0,0.0011239,1,0.3635,0.01,0.3635,0.05
0.0075199,-6.4802e-05,0,0.0011239,1,0.364,0.01,0.364,0.05
0.00752,-6.5184e-05,0,0.001124,1,0.3645,0.01,0.3645,0.05
0.0075201,-6.5567e-05,0,0.001124,1,0.365,0.01,0.365,0.05
0.0075202,-6.5949e-05,0,0.001124,1,0.3655,0.01,0.3655,0.05
0.0075203,-6.6331e-05,0,0.001124,1,0.366,0.01,0.366,0.05
0.0075204,-6.6714e-05,0,0.0011241,1,0.3665,0.01,0.3665,0.05
0.0075206,-6.7096e-05,0,0.0011241,1,0.367,0.01,0.367,0.05
0.0075207,-6.7478e-05,0,0.0011241,1,0.3675,0.01,0.3675,0.05
0.0075208,-6.7861e-05,0,0.0011242,1,0.368,0.01,0.368,0.05
0.0075209,-6.8243e-05,0,0.0011242,1,0.3685,0.01,0.3685,0.05
0.007521,-6.8625e-05,0,0.0011242,1,0.369,0.01,0.369,0.05
0.0075211,-6.9008e-05,0,0.0011242,1,0.3695,0.01,0.3695,0.05
0.0075212,-6.939e-05,0,0.0011243,1,0.37,0.01,0.37,0.05
0.0075213,-6.9773e-05,0,0.0011243,1,0.3705,0.01,0.3705,0.05
0.0075214,-7.0155e-05,0,0.0011243,1,0.371,0.01,0.371,0.05
0.0075216,-7.0537e-05,0,0.0011243,1,0.3715,0.01,0.3715,0.05
0.0075217,-7.092e-05,0,0.0011244,1,0.372,0.01,0.372,0.05
0.0075218,-7.1302e-05,0,0.0011244,1,0.3725,0.01,0.3725,0.05
0.0075219,-7.1684e-05,0,0.0011244,1,0.373,0.01,0.373,0.05
0.007522,-7.2067e-05,0,0.0011244,1,0.3735,0.01,0.3735,0.05
0.0075221,-7.2449e-05,0,0.0011245,1,0.374,0.01,0.374,0.05
0.0075222,-7.2831e-05,0,0.0011245,1,0.3745,0.01,0.3745,0.05
0.0075223,-7.3214e-05,0,0.0011245,1,0.375,0.01,0.375,0.05
0.0075224,-7.3596e-05,0,0.0011245,1,0.3755,0.01,0.3755,0.05
0.0075226,-7.3978e-05,0,0.0011246,1,0.376,0.01,0.376,0.05
0.0075227,-7.4361e-05,0,0.0011246,1,0.3765,0.01,0.3765,0.05
0.0075228,-7.4743e-05,0,0.0011246,1,0.377,0.01,0.377,0.05
0.0075229,-7.5125e-05,0,0.0011247,1,0.3775,0.01,0.3775,0.05
0.007523,-7.5508e-05,0,0.0011247,1,0.378,0.01,0.378,0.05
0.0075231,-7.589e-05,0,0.0011247,1,0.3785,0.01,0.3785,0.05
0.0075232,-7.6272e-05,0,0.0011247,1,0.379,0.01,0.379,0.05
0.0075233,-7.6655e-05,0,0.0011248,1,0.3795,0.01,0.3795,0.05
0.0075234,-7.7037e-05,0,0.0011248,1,0.38,0.01,0.38,0.05
0.0075236,-7.7419e-05,0,0.0011248,1,0.3805,0.01,0.3805,0.05
0.0075237,-7.7802e-05,0,0.0011248,1,0.381,0.01,0.381,0.05
0.0075238,-7.8184e-05,0,0.0011249,1,0.3815,0.01,0.3815,0.05
0.0075239,-7.8566e-05,0,0.0011249,1,0.382,0.01,0.382,0.05
0.007524,-7.8949e-05,0,0.0011249,1,0.3825,0.01,0.3825,0.05
0.0075241,-7.9331e-05,0,0.0011249,1,0.383,0.01,0.383,0.05
0.0075242,-7.9714e-05,0,0.001125,1,0.3835,0.01,0.3835,0.05
0.0075243,-8.0096e-05,0,0.001125,1,0.384,0.01,0.384,0.05
0.0075244,-8.0478e-05,0,0.001125,1,0.3845,0.01,0.3845,0.05
0.0075246,-8.0861e-05,0,0.001125,1,0.385,0.01,0.385,0.05
0.0075247,-8.1243e-05,0,0.0011251,1,0.3855,0.01,0.3855,0.05
0.0075248,-8.1625e-05,0,0.0011251,1,0.386,0.01,0.386,0.05
0.0075249,-8.2008e-05,0,0.0011251,1,0.3865,0.01,0.3865,0.05
0.007525,-8.239e-05,0,0.0011252,1,0.387,0.01,0.387,0.05
0.0075251,-8.2772e-05,0,0.0011252,1,0.3875,0.01,0.3875,0.05
0.0075252,-8.3155e-05,0,0.0011252,1,0.388,0.01,0.388,0.05
0.0075253,-8.3537e-05,0,0.0011252,1,0.3885,0.01,0.3885,0.05
0.0075254,-8.3919e-05,0,0.0011253,1,0.389,0.01,0.389,0.05
0.0075256,-8.4302e-05,0,0.0011253,1,0.3895,0.01,0.3895,0.05
0.0075257,-8.4684e-05,0,0.0011253,1,0.39,0.01,0.39,0.05
0.0075258,-8.5066e-05,0,0.0011253,1,0.3905,0.01,0.3905,0.05
0.0075259,-8.5449e-05,0,0.0011254,1,0.391,0.01,0.391,0.05
0.007526,-8.5831e-05,0,0.0011254,1,0.3915,0.01,0.3915,0.05
0.0075261,-8.6213e-05,0,0.0011254,1,0.392,0.01,0.392,0.05
0.0075262,-8.6596e-05,0,0.0011254,1,0.3925,0.01,0.3925,0.05
0.0075263,-8.6978e-05,0,0.0011255,1,0.393,0.01,0.393,0.05
0.0075264,-8.736e-05,0,0.0011255,1,0.3935,0.01,0.3935,0.05
0.0075266,-8.7743e-05,0,0.0011255,1,0.394,0.01,0.394,0.05
0.0075267,-8.8125e-05,0,0.0011255,1,0.3945,0.01,0.3945,0.05
0.0075268,-8.8507e-05,0,0.0011256,1,0.395,0.01,0.395,0.05
0.0075269,-8.889e-05,0,0.0011256,1,0.3955,0.01,0.3955,0.05
0.007527,-8.9272e-05,0,0.0011256,1,0.396,0.01,0.396,0.05
0.0075271,-8.9655e-05,0,0.0011256,1,0.3965,0.01,0.3965,0.05
0.0075272,-9.0037e-05,0,0.0011257,1,0.397,0.01,0.397,0.05
0.0075273,-9.0419e-05,0,0.0011257,1,0.3975,0.01,0.3975,0.05
0.0075274,-9.0802e-05,0,0.0011257,1,0.398,0.01,0.398,0.05
0.0075276,-9.1184e-05,0,0.0011258,1,0.3985,0.01,0.3985,0.05
0.0075277,-9.1566e-05,0,0.0011258,1,0.399,0.01,0.399,0.05
0.0075278,-9.1949e-05,0,0.0011258,1,0.3995,0.01,0.3995,0.05
0.0075279,-9.2331e-05,0,0.0011258,1,0.4,0.01,0.4,0.05
0.007527,-9.2307e-05,0,0.0011259,1,0.4005,0.01,0.4005,0.05
0.0075261,-9.2282e-05,0,0.0011259,1,0.401,0.01,0.401,0.05
0.0075252,-9.2258e-05,0,0.001126,1,0.4015,0.01,0.4015,0.05
0.0075242,-9.2233e-05,0,0.001126,1,0.402,0.01,0.402,0.05
0.0075233,-9.2209e-05,0,0.0011261,1,0.4025,0.01,0.4025,0.05
0.0075224,-9.2185e-05,0,0.0011261,1,0.403,0.01,0.403,0.05
0.0075215,-9.216e-05,0,0.0011261,1,0.4035,0.01,0.4035,0.05
0.0075206,-9.2136e-05,0,0.0011262,1,0.404,0.01,0.404,0.05
0.0075197,-9.2112e-05,0,0.0011262,1,0.4045,0.01,0.4045,0.05
0.0075188,-9.2087e-05,0,0.0011263,1,0.405,0.01,0.405,0.05
0.0075178,-9.2063e-05,0,0.0011263,1,0.4055,0.01,0.4055,0.05
0.0075169,-9.2038e-05,0,0.0011264,1,0.406,0.01,0.406,0.05
0.007516,-9.2014e-05,0,0.0011264,1,0.4065,0.01,0.4065,0.05
0.0075151,-9.199e-05,0,0.0011264,1,0.407,0.01,0.407,0.05
0.0075142,-9.1965e-05,0,0.0011265,1,0.4075,0.01,0.4075,0.05
0.0075133,-9.1941e-05,0,0.0011265,1,0.408,0.01,0.408,0.05
0.0075124,-9.1916e-05,0,0.0011266,1,0.4085,0.01,0.4085,0.05
0.0075115,-9.1892e-05,0,0.0011266,1,0.409,0.01,0.409,0.05
0.0075105,-9.1868e-05,0,0.0011267,1,0.4095,0.01,0.4095,0.05
0.0075096,-9.1843e-05,0,0.0011267,1,0.41,0.01,0.41,0.05
0.0075087,-9.1819e-05,0,0.0011268,1,0.4105,0.01,0.4105,0.05
0.0075078,-9.1795e-05,0,0.0011268,1,0.411,0.01,0.411,0.05
0.0075069,-9.177e-05,0,0.0011268,1,0.4115,0.01,0.4115,0.05
0.007506,-9.1746e-05,0,0.0011269,1,0.412,0.01,0.412,0.05
0.0075051,-9.1721e-05,0,0.0011269,1,0.4125,0.01,0.4125,0.05
0.0075042,-9.1697e-05,0,0.001127,1,0.413,0.01,0.413,0.05
0.0075032,-9.1673e-05,0,0.001127,1,0.4135,0.01,0.4135,0.05
0.0075023,-9.1648e-05,0,0.0011271,1,0.414,0.01,0.414,0.05
0.0075014,-9.1624e-05,0,0.0011271,1,0.4145,0.01,0.4145,0.05
0.0075005,-9.1599e-05,0,0.0011271,1,0.415,0.01,0.415,0.05
0.0074996,-9.1575e-05,0,0.0011272,1,0.4155,0.01,0.4155,0.05
0.0074987,-9.1551e-05,0,0.0011272,1,0.416,0.01,0.416,0.05
0.0074978,-9.1526e-05,0,0.0011273,1,0.4165,0.01,0.4165,0.05
0.0074969,-9.1502e-05,0,0.0011273,1,0.417,0.01,0.417,0.05
0.0074959,-9.1478e-05,0,0.0011274,1,0.4175,0.01,0.4175,0.05
0.007495,-9.1453e-05,0,0.0011274,1,0.418,0.01,0.418,0.05
0.0074941,-9.1429e-05,0,0.0011274,1,0.4185,0.01,0.4185,0.05
0.0074932,-9.1404e-05,0,0.0011275,1,0.419,0.01,0.419,0.05
0.0074923,-9.138e-05,0,0.0011275,1,0.4195,0.01,0.4195,0.05
0.0074914,-9.1356e-05,0,0.0011276,1,0.42,0.01,0.42,0.05
0.0074905,-9.1331e-05,0,0.0011276,1,0.4205,0.01,0.4205,0.05
0.0074896,-9.1307e-05,0,0.0011277,1,0.421,0.01,0.421,0.05
0.0074886,-9.1283e-05,0,0.0011277,1,0.4215,0.01,0.4215,0.05
0.0074877,-9.1258e-05,0,0.0011278,1,0.422,0.01,0.422,0.05
0.0074868,-9.1234e-05,0,0.0011278,1,0.4225,0.01,0.4225,0.05
0.0074859,-9.1209e-05,0,0.0011278,1,0.423,0.01,0.423,0.05
0.007485,-9.1185e-05,0,0.0011279,1,0.4235,0.01,0.4235,0.05
0.0074841,-9.1161e-05,0,0.0011279,1,0.424,0.01,0.424,0.05
0.0074832,-9.1136e-05,0,0.001128,1,0.4245,0.01,0.4245,0.05
0.0074823,-9.1112e-05,0,0.001128,1,0.425,0.01,0.425,0.05
0.0074813,-9.1087e-05,0,0.0011281,1,0.4255,0.01,0.4255,0.05
0.0074804,-9.1063e-05,0,0.0011281,1,0.426,0.01,0.426,0.05
0.0074795,-9.1039e-05,0,0.0011281,1,0.4265,0.01,0.4265,0.05
0.0074786,-9.1014e-05,0,0.0011282,1,0.427,0.01,0.427,0.05
0.0074777,-9.099e-05,0,0.0011282,1,0.4275,0.01,0.4275,0.05
0.0074768,-9.0966e-05,0,0.0011283,1,0.428,0.01,0.428,0.05
0.0074759,-9.0941e-05,0,0.0011283,1,0.4285,0.01,0.4285,0.05
0.007475,-9.0917e-05,0,0.0011284,1,0.429,0.01,0.429,0.05
0.007474,-9.0892e-05,0,0.0011284,1,0.4295,0.01,0.4295,0.05
0.0074731,-9.0868e-05,0,0.0011285,1,0.43,0.01,0.43,0.05
0.0074722,-9.0844e-05,0,0.0011285,1,0.4305,0.01,0.4305,0.05
0.0074713,-9.0819e-05,0,0.0011285,1,0.431,0.01,0.431,0.05
0.0074704,-9.0795e-05,0,0.0011286,1,0.4315,0.01,0.4315,0.05
0.0074695,-9.077e-05,0,0.0011286,1,0.432,0.01,0.432,0.05
0.0074686,-9.0746e-05,0,0.0011287,1,0.4325,0.01,0.4325,0.05
0.0074677,-9.0722e-05,0,0.0011287,1,0.433,0.01,0.433,0.05
0.0074667,-9.0697e-05,0,0.0011288,1,0.4335,0.01,0.4335,0.05
0.0074658,-9.0673e-05,0,0.0011288,1,0.434,0.01,0.434,0.05
0.0074649,-9.0649e-05,0,0.0011288,1,0.4345,0.01,0.4345,0.05
0.007464,-9.0624e-05,0,0.0011289,1,0.435,0.01,0.435,0.05
0.0074631,-9.06e-05,0,0.0011289,1,0.4355,0.01,0.4355,0.05
0.0074622,-9.0575e-05,0,0.001129,1,0.436,0.01,0.436,0.05
0.0074613,-9.0551e-05,0,0.001129,1,0.4365,0.01,0.4365,0.05
0.0074604,-9.0527e-05,0,0.0011291,1,0.437,0.01,0.437,0.05
0.0074594,-9.0502e-05,0,0.0011291,1,0.4375,0.01,0.4375,0.05
0.0074585,-9.0478e-05,0,0.0011292,1,0.438,0.01,0.438,0.05
0.0074576,-9.0453e-05,0,0.0011292,1,0.4385,0.01,0.4385,0.05
0.0074567,-9.0429e-05,0,0.0011292,1,0.439,0.01,0.439,0.05
0.0074558,-9.0405e-05,0,0.0011293,1,0.4395,0.01,0.4395,0.05
0.0074549,-9.038e-05,0,0.0011293,1,0.44,0.01,0.44,0.05
0.007454,-9.0356e-05,0,0.0011294,1,0.4405,0.01,0.4405,0.05
0.007453,-9.0332e-05,0,0.0011294,1,0.441,0.01,0.441,0.05
0.0074521,-9.0307e-05,0,0.0011295,1,0.4415,0.01,0.4415,0.05
0.0074512,-9.0283e-05,0,0.0011295,1,0.442,0.01,0.442,0.05
0.0074503,-9.0258e-05,0,0.0011295,1,0.4425,0.01,0.4425,0.05
0.0074494,-9.0234e-05,0,0.0011296,1,0.443,0.01,0.443,0.05
0.0074485,-9.021e-05,0,0.0011296,1,0.4435,0.01,0.4435,0.05
0.0074476,-9.0185e-05,0,0.0011297,1,0.444,0.01,0.444,0.05
0.0074467,-9.0161e-05,0,0.0011297,1,0.4445,0.01,0.4445,0.05
0.0074457,-9.0137e-05,0,0.0011298,1,0.445,0.01,0.445,0.05
0.0074448,-9.0112e-05,0,0.0011298,1,0.4455,0.01,0.4455,0.05
0.0074439,-9.0088e-05,0,0.0011299,1,0.446,0.01,0.446,0.05
0.007443,-9.0063e-05,0,0.0011299,1,0.4465,0.01,0.4465,0.05
0.0074421,-9.0039e-05,0,0.0011299,1,0.447,0.01,0.447,0.05
0.0074412,-9.0015e-05,0,0.00113,1,0.4475,0.01,0.4475,0.05
0.0074403,-8.999e-05,0,0.00113,1,0.448,0.01,0.448,0.05
0.0074394,-8.9966e-05,0,0.0011301,1,0.4485,0.01,0.4485,0.05
0.0074384,-8.9941e-05,0,0.0011301,1,0.449,0.01,0.449,0.05
0.0074375,-8.9917e-05,0,0.0011302,1,0.4495,0.01,0.4495,0.05
0.0074366,-8.9893e-05,0,0.0011302,1,0.45,0.01,0.45,0.05
0.0073473,-8.8994e-05,0,0.0011302,1,0.4505,0.01,0.4505,0.05
0.0072579,-8.8095e-05,0,0.0011303,1,0.451,0.01,0.451,0.05
0.0071685,-8.7196e-05,0,0.0011303,1,0.4515,0.01,0.4515,0.05
0.0070792,-8.6297e-05,0,0.0011303,1,0.452,0.01,0.452,0.05
0.0069898,-8.5398e-05,0,0.0011303,1,0.4525,0.01,0.4525,0.05
0.0069004,-8.4499e-05,0,0.0011304,1,0.453,0.01,0.453,0.05
0.0068111,-8.36e-05,0,0.0011304,1,0.4535,0.01,0.4535,0.05
0.0067217,-8.2701e-05,0,0.0011304,1,0.454,0.01,0.454,0.05
0.0066323,-8.1802e-05,0,0.0011304,1,0.4545,0.01,0.4545,0.05
0.006543,-8.0903e-05,0,0.0011305,1,0.455,0.01,0.455,0.05
0.0064536,-8.0004e-05,0,0.0011305,1,0.4555,0.01,0.4555,0.05
0.0063642,-7.9106e-05,0,0.0011305,1,0.456,0.01,0.456,0.05
0.0062749,-7.8207e-05,0,0.0011305,1,0.4565,0.01,0.4565,0.05
0.0061855,-7.7308e-05,0,0.0011306,1,0.457,0.01,0.457,0.05
0.0060961,-7.6409e-05,0,0.0011306,1,0.4575,0.01,0.4575,0.05
0.0060068,-7.551e-05,0,0.0011306,1,0.458,0.01,0.458,0.05
0.0059174,-7.4611e-05,0,0.0011307,1,0.4585,0.01,0.4585,0.05
0.005828,-7.3712e-05,0,0.0011307,1,0.459,0.01,0.459,0.05
0.0057387,-7.2813e-05,0,0.0011307,1,0.4595,0.01,0.4595,0.05
0.0056493,-7.1914e-05,0,0.0011307,1,0.46,0.01,0.46,0.05
0.0055599,-7.1015e-05,0,0.0011308,1,0.4605,0.01,0.4605,0.05
0.0054706,-7.0116e-05,0,0.0011308,1,0.461,0.01,0.461,0.05
0.0053812,-6.9217e-05,0,0.0011308,1,0.4615,0.01,0.4615,0.05
0.0052918,-6.8318e-05,0,0.0011308,1,0.462,0.01,0.462,0.05
0.0052025,-6.7419e-05,0,0.0011309,1,0.4625,0.01,0.4625,0.05
0.0051131,-6.6521e-05,0,0.0011309,1,0.463,0.01,0.463,0.05
0.0050237,-6.5622e-05,0,0.0011309,1,0.4635,0.01,0.4635,0.05
0.0049344,-6.4723e-05,0,0.0011309,1,0.464,0.01,0.464,0.05
0.004845,-6.3824e-05,0,0.001131,1,0.4645,0.01,0.4645,0.05
0.0047556,-6.2925e-05,0,0.001131,1,0.465,0.01,0.465,0.05
0.0046663,-6.2026e-05,0,0.001131,1,0.4655,0.01,0.4655,0.05
0.0045769,-6.1127e-05,0,0.001131,1,0.466,0.01,0.466,0.05
0.0044875,-6.0228e-05,0,0.0011311,1,0.4665,0.01,0.4665,0.05
0.0043982,-5.9329e-05,0,0.0011311,1,0.467,0.01,0.467,0.05
0.0043088,-5.843e-05,0,0.0011311,1,0.4675,0.01,0.4675,0.05
0.0042194,-5.7531e-05,0,0.0011312,1,0.468,0.01,0.468,0.05
0.0041301,-5.6632e-05,0,0.0011312,1,0.4685,0.01,0.4685,0.05
0.0040407,-5.5733e-05,0,0.0011312,1,0.469,0.01,0.469,0.05
0.0039513,-5.4835e-05,0,0.0011312,1,0.4695,0.01,0.4695,0.05
0.003862,-5.3936e-05,0,0.0011313,1,0.47,0.01,0.47,0.05
0.0037726,-5.3037e-05,0,0.0011313,1,0.4705,0.01,0.4705,0.05
0.0036832,-5.2138e-05,0,0.0011313,1,0.471,0.01,0.471,0.05
0.0035939,-5.1239e-05,0,0.0011313,1,0.4715,0.01,0.4715,0.05
0.0035045,-5.034e-05,0,0.0011314,1,0.472,0.01,0.472,0.05
0.0034151,-4.9441e-05,0,0.0011314,1,0.4725,0.01,0.4725,0.05
0.0033258,-4.8542e-05,0,0.0011314,1,0.473,0.01,0.473,0.05
0.0032364,-4.7643e-05,0,0.0011314,1,0.4735,0.01,0.4735,0.05
0.003147,-4.6744e-05,0,0.0011315,1,0.474,0.01,0.474,0.05
0.0030577,-4.5845e-05,0,0.0011315,1,0.4745,0.01,0.4745,0.05
0.0029683,-4.4946e-05,0,0.0011315,1,0.475,0.01,0.475,0.05
0.0028789,-4.4047e-05,0,0.0011316,1,0.4755,0.01,0.4755,0.05
0.0027896,-4.3148e-05,0,0.0011316,1,0.476,0.01,0.476,0.05
0.0027002,-4.225e-05,0,0.0011316,1,0.4765,0.01,0.4765,0.05
0.0026108,-4.1351e-05,0,0.0011316,1,0.477,0.01,0.477,0.05
0.0025215,-4.0452e-05,0,0.0011317,1,0.4775,0.01,0.4775,0.05
0.0024321,-3.9553e-05,0,0.0011317,1,0.478,0.01,0.478,0.05
0.0023427,-3.8654e-05,0,0.0011317,1,0.4785,0.01,0.4785,0.05
0.0022534,-3.7755e-05,0,0.0011317,1,0.479,0.01,0.479,0.05
0.002164,-3.6856e-05,0,0.0011318,1,0.4795,0.01,0.4795,0.05
0.0020746,-3.5957e-05,0,0.0011318,1,0.48,0.01,0.48,0.05
0.0019853,-3.5058e-05,0,0.0011318,1,0.4805,0.01,0.4805,0.05
0.0018959,-3.4159e-05,0,0.0011318,1,0.481,0.01,0.481,0.05
0.0018065,-3.326e-05,0,0.0011319,1,0.4815,0.01,0.4815,0.05
0.0017172,-3.2361e-05,0,0.0011319,1,0.482,0.01,0.482,0.05
0.0016278,-3.1462e-05,0,0.0011319,1,0.4825,0.01,0.4825,0.05
0.0015384,-3.0563e-05,0,0.0011319,1,0.483,0.01,0.483,0.05
0.0014491,-2.9665e-05,0,0.001132,1,0.4835,0.01,0.4835,0.05
0.0013597,-2.8766e-05,0,0.001132,1,0.484,0.01,0.484,0.05
0.0012704,-2.7867e-05,0,0.001132,1,0.4845,0.01,0.4845,0.05
0.001181,-2.6968e-05,0,0.0011321,1,0.485,0.01,0.485,0.05
0.0010916,-2.6069e-05,0,0.0011321,1,0.4855,0.01,0.4855,0.05
0.0010023,-2.517e-05,0,0.0011321,1,0.486,0.01,0.486,0.05
0.00091289,-2.4271e-05,0,0.0011321,1,0.4865,0.01,0.4865,0.05
0.00082352,-2.3372e-05,0,0.0011322,1,0.487,0.01,0.487,0.05
0.00073415,-2.2473e-05,0,0.0011322,1,0.4875,0.01,0.4875,0.05
0.00064479,-2.1574e-05,0,0.0011322,1,0.488,0.01,0.488,0.05
0.00055542,-2.0675e-05,0,0.0011322,1,0.4885,0.01,0.4885,0.05
0.00046606,-1.9776e-05,0,0.0011323,1,0.489,0.01,0.489,0.05
0.00037669,-1.8877e-05,0,0.0011323,1,0.4895,0.01,0.4895,0.05
0.00028732,-1.7979e-05,0,0.0011323,1,0.49,0.01,0.49,0.05
0.00019796,-1.708e-05,0,0.0011323,1,0.4905,0.01,0.4905,0.05
0.00010859,-1.6181e-05,0,0.0011324,1,0.491,0.01,0.491,0.05
1.9227e-05,-1.5282e-05,0,0.0011324,1,0.4915,0.01,0.4915,0.05
-7.0143e-05,-1.4383e-05,0,0.0011324,1,0.492,0.01,0.492,0.05
-0.00015951,-1.3484e-05,0,0.0011325,1,0.4925,0.01,0.4925,0.05
-0.00024887,-1.2585e-05,0,0.0011325,1,0.493,0.01,0.493,0.05
-0.00033824,-1.1686e-05,0,0.0011325,1,0.4935,0.01,0.4935,0.05
-0.0004276,-1.0787e-05,0,0.0011325,1,0.494,0.01,0.494,0.05
-0.00051697,-9.8882e-06,0,0.0011326,1,0.4945,0.01,0.4945,0.05
-0.00060634,-8.9893e-06,0,0.0011326,1,0.495,0.01,0.495,0.05
-0.0006957,-8.0903e-06,0,0.0011326,1,0.4955,0.01,0.4955,0.05
-0.00078507,-7.1914e-06,0,0.0011326,1,0.496,0.01,0.496,0.05
-0.00087443,-6.2925e-06,0,0.0011327,1,0.4965,0.01,0.4965,0.05
-0.0009638,-5.3935e-06,0,0.0011327,1,0.497,0.01,0.497,0.05
-0.0010532,-4.4946e-06,0,0.0011327,1,0.4975,0.01,0.4975,0.05
-0.0011425,-3.5957e-06,0,0.0011327,1,0.498,0.01,0.498,0.05
-0.0012319,-2.6968e-06,0,0.0011328,1,0.4985,0.01,0.4985,0.05
-0.0013213,-1.7978e-06,0,0.0011328,1,0.499,0.01,0.499,0.05
-0.0014106,-8.9892e-07,0,0.0011328,1,0.4995,0.01,0.4995,0.05
-0.0015,0,0,0.0011328,1,0.5,0.01,0.5,0.05
